<?xml version="1.0" encoding="UTF-8"?>
<creaturescripts>
	<event type="login" name="PlayerLogin" script="login.lua" />
	<event type="logout" name="PlayerLogout" script="logout.lua" />
	<event type="login" name="FirstItems" script="first_items.lua" />
	<event type="login" name="OfflineTraining" script="offline_training.lua" />
	<event type="login" name="RegenerateStamina" script="regenerate_stamina.lua" />
	<event type="death" name="PlayerDeath" script="player_death.lua" />
	<event type="death" name="DropLoot" script="drop_loot.lua" />
	<event type="extendedopcode" name="ExtendedOpcode" script="extended_opcode.lua" />
</creaturescripts>
