<?xml version="1.0" encoding="UTF-8"?>
<monsters>
	<monster name="a carved stone tile" file="monsters/a_carved_stone_tile.xml" />
	<monster name="A Shielded Astral Glyph" file="monsters/a_shielded_astral_glyph.xml" />
	<monster name="Abyssador" file="monsters/abyssador.xml" />
	<monster name="Abyssal Calamary" file="monsters/abyssal_calamary.xml" />
	<monster name="Achad" file="monsters/achad.xml" />
	<monster name="Acid Blob" file="monsters/acid_blob.xml" />
	<monster name="Acolyte Of The Cult" file="monsters/acolyte_of_the_cult.xml" />
	<monster name="Adept Of The Cult" file="monsters/adept_of_the_cult.xml" />
	<monster name="Adult Goanna" file="monsters/adult_goanna.xml" />
	<monster name="Adventurer" file="monsters/adventurer.xml" />
	<monster name="Aggressive Lava" file="monsters/aggressive_lava.xml" />
	<monster name="Amarie" file="monsters/amarie.xml" />
	<monster name="Amazon" file="monsters/amazon.xml" />
	<monster name="An Astral Glyph" file="monsters/an_astral_glyph.xml" />
	<monster name="An Observer Eye" file="monsters/an_observer_eye.xml" />
	<monster name="Ancient Scarab" file="monsters/ancient_scarab.xml" />
	<monster name="Ancient Spawn Of Morgathla" file="monsters/ancient_spawn_of_morgathla.xml" />
	<monster name="Angry Adventurer" file="monsters/angry_adventurer.xml" />
	<monster name="Angry Plant" file="monsters/angry_plant.xml" />
	<monster name="Animated Clomp" file="monsters/animated_clomp.xml" />
	<monster name="Animated Cyclops" file="monsters/animated_cyclops.xml" />
	<monster name="Animated Feather" file="monsters/animated_feather.xml" />
	<monster name="Animated Guzzlemaw" file="monsters/animated_guzzlemaw.xml" />
	<monster name="Animated Moohtant" file="monsters/animated_moohtant.xml" />
	<monster name="Animated Mummy" file="monsters/animated_mummy.xml" />
	<monster name="Animated Ogre Brute" file="monsters/animated_ogre_brute.xml" />
	<monster name="Animated Ogre Savage" file="monsters/animated_ogre_savage.xml" />
	<monster name="Animated Ogre Shaman" file="monsters/animated_ogre_shaman.xml" />
	<monster name="Animated Rotworm" file="monsters/animated_rotworm.xml" />
	<monster name="Animated Skunk" file="monsters/animated_skunk.xml" />
	<monster name="Animated Snowman" file="monsters/animated_snowman.xml" />
	<monster name="Animated Sword" file="monsters/animated_sword.xml" />
	<monster name="Annihilon" file="monsters/annihilon.xml" />
	<monster name="Apocalypse" file="monsters/apocalypse.xml" />
	<monster name="Apprentice Sheng" file="monsters/apprentice_sheng.xml" />
	<monster name="Arachir The Ancient One" file="monsters/arachir_the_ancient_one.xml" />
	<monster name="Arctic Faun" file="monsters/arctic_faun.xml" />
	<monster name="Armadile" file="monsters/armadile.xml" />
	<monster name="Armenius" file="monsters/armenius.xml" />
	<monster name="Arthom The Hunter" file="monsters/arthom_the_hunter.xml" />
	<monster name="Ascending Ferumbras" file="monsters/ascending_ferumbras.xml" />
	<monster name="Ashmunrah" file="monsters/ashmunrah.xml" />
	<monster name="Askarak Demon" file="monsters/askarak_demon.xml" />
	<monster name="Askarak Lord" file="monsters/askarak_lord.xml" />
	<monster name="Askarak Prince" file="monsters/askarak_prince.xml" />
	<monster name="Assassin" file="monsters/assassin.xml" />
	<monster name="Avalanche" file="monsters/avalanche.xml" />
	<monster name="Axeitus Headbanger" file="monsters/axeitus_headbanger.xml" />
	<monster name="Azerus" file="monsters/azerus.xml" />
	<monster name="Azure Frog" file="monsters/azure_frog.xml" />
	<monster name="Baby Dragon" file="monsters/baby_dragon.xml" />
	<monster name="Bad Dream" file="monsters/bad_dream.xml" />
	<monster name="Badger" file="monsters/badger.xml" />
	<monster name="Bandit" file="monsters/bandit.xml" />
	<monster name="Bane Bringer" file="monsters/bane_bringer.xml" />
	<monster name="Banshee" file="monsters/banshee.xml" />
	<monster name="Barbaria" file="monsters/barbaria.xml" />
	<monster name="Barbarian Bloodwalker" file="monsters/barbarian_bloodwalker.xml" />
	<monster name="Barbarian Brutetamer" file="monsters/barbarian_brutetamer.xml" />
	<monster name="Barbarian Headsplitter" file="monsters/barbarian_headsplitter.xml" />
	<monster name="Barbarian Skullhunter" file="monsters/barbarian_skullhunter.xml" />
	<monster name="Barkless Fanatic" file="monsters/barkless_fanatic.xml" />
	<monster name="Baron Brute" file="monsters/baron_brute.xml" />
	<monster name="Bat" file="monsters/bat.xml" />
	<monster name="Battlemaster Zunzu" file="monsters/battlemaster_zunzu.xml" />
	<monster name="Bazir" file="monsters/bazir.xml" />
	<monster name="Bear" file="monsters/bear.xml" />
	<monster name="Behemoth" file="monsters/behemoth.xml" />
	<monster name="Berserker Chicken" file="monsters/berserker_chicken.xml" />
	<monster name="Betrayed Wraith" file="monsters/betrayed_wraith.xml" />
	<monster name="Big Boss Trolliver" file="monsters/big_boss_trolliver.xml" />
	<monster name="Biting Book" file="monsters/biting_book.xml" />
	<monster name="Biting Cold" file="monsters/biting_cold.xml" />
	<monster name="Black Cobra" file="monsters/black_cobra.xml" />
	<monster name="Black Knight" file="monsters/black_knight.xml" />
	<monster name="Black Sheep" file="monsters/black_sheep.xml" />
	<monster name="Black Sphinx Acolyte" file="monsters/black_sphinx_acolyte.xml" />
	<monster name="Black Vixen" file="monsters/black_vixen.xml" />
	<monster name="Blazing Fire Elemental" file="monsters/blazing_fire_elemental.xml" />
	<monster name="Blightwalker" file="monsters/blightwalker.xml" />
	<monster name="Blistering Fire Elemental" file="monsters/blistering_fire_elemental.xml" />
	<monster name="Blood Beast" file="monsters/blood_beast.xml" />
	<monster name="Blood Crab" file="monsters/blood_crab.xml" />
	<monster name="Blood Hand" file="monsters/blood_hand.xml" />
	<monster name="Blood Priest" file="monsters/blood_priest.xml" />
	<monster name="Blood Tear" file="monsters/blood_tear.xml" />
	<monster name="Bloodback" file="monsters/bloodback.xml" />
	<monster name="Bloodpaw" file="monsters/bloodpaw.xml" />
	<monster name="Blue Butterfly" file="monsters/blue_butterfly.xml" />
	<monster name="Blue Djinn" file="monsters/blue_djinn.xml" />
	<monster name="Boar" file="monsters/boar.xml" />
	<monster name="Bog Frog" file="monsters/bog_frog.xml" />
	<monster name="Bog Raider" file="monsters/bog_raider.xml" />
	<monster name="Bone Capsule" file="monsters/bone_capsule.xml" />
	<monster name="Bone Jaw" file="monsters/bone_jaw.xml" />
	<monster name="Bonebeast" file="monsters/bonebeast.xml" />
	<monster name="Bonelord" file="monsters/bonelord.xml" />
	<monster name="Bones" file="monsters/bones.xml" />
	<monster name="Boogey" file="monsters/boogey.xml" />
	<monster name="Boogy" file="monsters/boogy.xml" />
	<monster name="Bound Astral Power" file="monsters/bound_astral_power.xml" />
	<monster name="Bovinus" file="monsters/bovinus.xml" />
	<monster name="Bragrumol" file="monsters/bragrumol.xml" />
	<monster name="Brain Squid" file="monsters/brain_squid.xml" />
	<monster name="Braindeath" file="monsters/braindeath.xml" />
	<monster name="Brimstone Bug" file="monsters/brimstone_bug.xml" />
	<monster name="Broken Shaper" file="monsters/broken_shaper.xml" />
	<monster name="Brokul" file="monsters/brokul.xml" />
	<monster name="Brother Chill" file="monsters/brother_chill.xml" />
	<monster name="Brother Freeze" file="monsters/brother_freeze.xml" />
	<monster name="Brown Horse" file="monsters/brown_horse.xml" />
	<monster name="Brutus Bloodbeard" file="monsters/brutus_bloodbeard.xml" />
	<monster name="Bug" file="monsters/bug.xml" />
	<monster name="Bullwark" file="monsters/bullwark.xml" />
	<monster name="Burning Book" file="monsters/burning_book.xml" />
	<monster name="Burning Gladiator" file="monsters/burning_gladiator.xml" />
	<monster name="Burrowing Beetle" file="monsters/burrowing_beetle.xml" />
	<monster name="Calamary" file="monsters/calamary.xml" />
	<monster name="Captain Jones" file="monsters/captain_jones.xml" />
	<monster name="Captured Dwarf" file="monsters/captured_dwarf.xml" />
	<monster name="Carniphila" file="monsters/carniphila.xml" />
	<monster name="Carrion Worm" file="monsters/carrion_worm.xml" />
	<monster name="Cart Packed With Gold" file="monsters/cart_packed_with_gold.xml" />
	<monster name="Cat" file="monsters/cat.xml" />
	<monster name="Cave Devourer" file="monsters/cave_devourer.xml" />
	<monster name="Cave Parrot" file="monsters/cave_parrot.xml" />
	<monster name="Cave Rat" file="monsters/cave_rat.xml" />
	<monster name="Cave Spider" file="monsters/cave_spider.xml" />
	<monster name="Centipede" file="monsters/centipede.xml" />
	<monster name="Chakoya Toolshaper" file="monsters/chakoya_toolshaper.xml" />
	<monster name="Chakoya Tribewarden" file="monsters/chakoya_tribewarden.xml" />
	<monster name="Chakoya Windcaller" file="monsters/chakoya_windcaller.xml" />
	<monster name="Channeling Earl Osam" file="monsters/channeling_earl_osam.xml" />
	<monster name="Charged Energy Elemental" file="monsters/charged_energy_elemental.xml" />
	<monster name="Chasm Spawn" file="monsters/chasm_spawn.xml" />
	<monster name="Chicken" file="monsters/chicken.xml" />
	<monster name="Chizzoron The Distorter" file="monsters/chizzoron_the_distorter.xml" />
	<monster name="Choking Fear" file="monsters/choking_fear.xml" />
	<monster name="Clay Guardian" file="monsters/clay_guardian.xml" />
	<monster name="Cliff Strider" file="monsters/cliff_strider.xml" />
	<monster name="Clomp" file="monsters/clomp.xml" />
	<monster name="Cobra Assassin" file="monsters/cobra_assassin.xml" />
	<monster name="Cobra Scout" file="monsters/cobra_scout.xml" />
	<monster name="Cobra Vizier" file="monsters/cobra_vizier.xml" />
	<monster name="Cobra" file="monsters/cobra.xml" />
	<monster name="Cockroach" file="monsters/cockroach.xml" />
	<monster name="Coldheart" file="monsters/coldheart.xml" />
	<monster name="Colerian The Barbarian" file="monsters/colerian_the_barbarian.xml" />
	<monster name="Concentrated Death" file="monsters/concentrated_death.xml" />
	<monster name="Condensed Sin" file="monsters/condensed_sin.xml" />
	<monster name="Containment Crystal" file="monsters/containment_crystal.xml" />
	<monster name="Containment Machine" file="monsters/containment_machine.xml" />
	<monster name="Control Tower" file="monsters/control_tower.xml" />
	<monster name="Coral Frog" file="monsters/coral_frog.xml" />
	<monster name="Corrupted Soul" file="monsters/corrupted_soul.xml" />
	<monster name="Corym Charlatan" file="monsters/corym_charlatan.xml" />
	<monster name="Corym Skirmisher" file="monsters/corym_skirmisher.xml" />
	<monster name="Corym Vanguard" file="monsters/corym_vanguard.xml" />
	<monster name="Cosmic Energy Prism A" file="monsters/cosmic_energy_prism_a.xml" />
	<monster name="Cosmic Energy Prism B" file="monsters/cosmic_energy_prism_b.xml" />
	<monster name="Cosmic Energy Prism C" file="monsters/cosmic_energy_prism_c.xml" />
	<monster name="Cosmic Energy Prism D" file="monsters/cosmic_energy_prism_d.xml" />
	<monster name="Count Vlarkorth" file="monsters/count_vlarkorth.xml" />
	<monster name="Countess Sorrow" file="monsters/countess_sorrow.xml" />
	<monster name="Crab" file="monsters/crab.xml" />
	<monster name="Crawler" file="monsters/crawler.xml" />
	<monster name="Crazed Beggar" file="monsters/crazed_beggar.xml" />
	<monster name="Crimson Frog" file="monsters/crimson_frog.xml" />
	<monster name="Crocodile" file="monsters/crocodile.xml" />
	<monster name="Crustacea Gigantica" file="monsters/crustacea_gigantica.xml" />
	<monster name="Crypt Defiler" file="monsters/crypt_defiler.xml" />
	<monster name="Crypt Shambler" file="monsters/crypt_shambler.xml" />
	<monster name="Crypt Warden" file="monsters/crypt_warden.xml" />
	<monster name="Crystal Spider" file="monsters/crystal_spider.xml" />
	<monster name="Crystal Wolf" file="monsters/crystal_wolf.xml" />
	<monster name="Crystalcrusher" file="monsters/crystalcrusher.xml" />
	<monster name="Cult Believer" file="monsters/cult_believer.xml" />
	<monster name="Cult Enforcer" file="monsters/cult_enforcer.xml" />
	<monster name="Cult Scholar" file="monsters/cult_scholar.xml" />
	<monster name="Cursed Book" file="monsters/cursed_book.xml" />
	<monster name="Cursed Gladiator" file="monsters/cursed_gladiator.xml" />
	<monster name="Custodian" file="monsters/custodian.xml" />
	<monster name="Cyclops Drone" file="monsters/cyclops_drone.xml" />
	<monster name="Cyclops Smith" file="monsters/cyclops_smith.xml" />
	<monster name="Cyclops" file="monsters/cyclops.xml" />
	<monster name="Damaged Crystal Golem" file="monsters/damaged_crystal_golem.xml" />
	<monster name="Damaged Worker Golem" file="monsters/damaged_worker_golem.xml" />
	<monster name="Damned Soul" file="monsters/damned_soul.xml" />
	<monster name="Darakan The Executioner" file="monsters/darakan_the_executioner.xml" />
	<monster name="Dark Apprentice" file="monsters/dark_apprentice.xml" />
	<monster name="Dark Druid" file="monsters/dark_druid.xml" />
	<monster name="Dark Faun" file="monsters/dark_faun.xml" />
	<monster name="Dark Knight" file="monsters/dark_knight.xml" />
	<monster name="Dark Knowledge" file="monsters/dark_knowledge.xml" />
	<monster name="Dark Magician" file="monsters/dark_magician.xml" />
	<monster name="Dark Monk" file="monsters/dark_monk.xml" />
	<monster name="Dark Paladin" file="monsters/dark_paladin.xml" />
	<monster name="Dark Sorcerer" file="monsters/dark_sorcerer.xml" />
	<monster name="Dark Soul" file="monsters/dark_soul.xml" />
	<monster name="Dark Torturer" file="monsters/dark_torturer.xml" />
	<monster name="Darkfang" file="monsters/darkfang.xml" />
	<monster name="Dawnfire Asura" file="monsters/dawnfire_asura.xml" />
	<monster name="Dazed Leaf Golem" file="monsters/dazed_leaf_golem.xml" />
	<monster name="Deadeye Devious" file="monsters/deadeye_devious.xml" />
	<monster name="Death Blob" file="monsters/death_blob.xml" />
	<monster name="Death Dragon" file="monsters/death_dragon.xml" />
	<monster name="Death Priest Shargon" file="monsters/death_priest_shargon.xml" />
	<monster name="Death Priest" file="monsters/death_priest.xml" />
	<monster name="Death Reaper" file="monsters/death_reaper.xml" />
	<monster name="Deathbine" file="monsters/deathbine.xml" />
	<monster name="Deathbringer" file="monsters/deathbringer.xml" />
	<monster name="Deathling Spellsinger" file="monsters/deathling_spellsinger.xml" />
	<monster name="Deathslicer" file="monsters/deathslicer.xml" />
	<monster name="Deathspawn" file="monsters/deathspawn.xml" />
	<monster name="Deathstrike" file="monsters/deathstrike.xml" />
	<monster name="Deep Terror" file="monsters/deep_terror.xml" />
	<monster name="Deepling Brawler" file="monsters/deepling_brawler.xml" />
	<monster name="Deepling Elite" file="monsters/deepling_elite.xml" />
	<monster name="Deepling Guard" file="monsters/deepling_guard.xml" />
	<monster name="Deepling Master Librarian" file="monsters/deepling_master_librarian.xml" />
	<monster name="Deepling Scout" file="monsters/deepling_scout.xml" />
	<monster name="Deepling Spellsinger" file="monsters/deepling_spellsinger.xml" />
	<monster name="Deepling Tyrant" file="monsters/deepling_tyrant.xml" />
	<monster name="Deepling Warrior" file="monsters/deepling_warrior.xml" />
	<monster name="Deepling Worker" file="monsters/deepling_worker.xml" />
	<monster name="Deepsea Blood Crab" file="monsters/deepsea_blood_crab.xml" />
	<monster name="Deepworm" file="monsters/deepworm.xml" />
	<monster name="Deer" file="monsters/deer.xml" />
	<monster name="Defiler" file="monsters/defiler.xml" />
	<monster name="Demodras" file="monsters/demodras.xml" />
	<monster name="Demon (Goblin)" file="monsters/demon_goblin.xml" />
	<monster name="Demon Blood" file="monsters/demon_blood.xml" />
	<monster name="Demon Outcast" file="monsters/demon_outcast.xml" />
	<monster name="Demon Parrot" file="monsters/demon_parrot.xml" />
	<monster name="Demon Skeleton" file="monsters/demon_skeleton.xml" />
	<monster name="Demon Slave" file="monsters/demon_slave.xml" />
	<monster name="Demon" file="monsters/demon.xml" />
	<monster name="Depowered Minotaur" file="monsters/depowered_minotaur.xml" />
	<monster name="Despair" file="monsters/despair.xml" />
	<monster name="Desperate Soul" file="monsters/desperate_soul.xml" />
	<monster name="Desperate White Deer" file="monsters/desperate_white_deer.xml" />
	<monster name="Destabilized Ferumbras" file="monsters/destabilized_ferumbras.xml" />
	<monster name="Destroyer" file="monsters/destroyer.xml" />
	<monster name="Devourer" file="monsters/devourer.xml" />
	<monster name="Dharalion" file="monsters/dharalion.xml" />
	<monster name="Diabolic Imp" file="monsters/diabolic_imp.xml" />
	<monster name="Diamond Servant Replica" file="monsters/diamond_servant_replica.xml" />
	<monster name="Diamond Servant" file="monsters/diamond_servant.xml" />
	<monster name="Diblis The Fair" file="monsters/diblis_the_fair.xml" />
	<monster name="Dipthrah" file="monsters/dipthrah.xml" />
	<monster name="Dire Penguin" file="monsters/dire_penguin.xml" />
	<monster name="Diremaw" file="monsters/diremaw.xml" />
	<monster name="Dirtbeard" file="monsters/dirtbeard.xml" />
	<monster name="Diseased Bill" file="monsters/diseased_bill.xml" />
	<monster name="Diseased Dan" file="monsters/diseased_dan.xml" />
	<monster name="Diseased Fred" file="monsters/diseased_fred.xml" />
	<monster name="Disgusting Ooze" file="monsters/disgusting_ooze.xml" />
	<monster name="Doctor Perhaps" file="monsters/doctor_perhaps.xml" />
	<monster name="Dog" file="monsters/dog.xml" />
	<monster name="Donkey" file="monsters/donkey.xml" />
	<monster name="Doom Deer" file="monsters/doom_deer.xml" />
	<monster name="Doomhowl" file="monsters/doomhowl.xml" />
	<monster name="Dracola" file="monsters/dracola.xml" />
	<monster name="Dragon Essence" file="monsters/dragon_essence.xml" />
	<monster name="Dragon Hatchling" file="monsters/dragon_hatchling.xml" />
	<monster name="Dragon Lord Hatchling" file="monsters/dragon_lord_hatchling.xml" />
	<monster name="Dragon Lord" file="monsters/dragon_lord.xml" />
	<monster name="Dragon Warden" file="monsters/dragon_warden.xml" />
	<monster name="Dragon Wrath" file="monsters/dragon_wrath.xml" />
	<monster name="Dragon" file="monsters/dragon.xml" />
	<monster name="Dragonking Zyrtarch" file="monsters/dragonking_zyrtarch.xml" />
	<monster name="Dragonling" file="monsters/dragonling.xml" />
	<monster name="Draken Abomination" file="monsters/draken_abomination.xml" />
	<monster name="Draken Elite" file="monsters/draken_elite.xml" />
	<monster name="Draken Spellweaver" file="monsters/draken_spellweaver.xml" />
	<monster name="Draken Warmaster" file="monsters/draken_warmaster.xml" />
	<monster name="Draptor" file="monsters/draptor.xml" />
	<monster name="Drasilla" file="monsters/drasilla.xml" />
	<monster name="Dread Minion" file="monsters/dread_minion.xml" />
	<monster name="Dreadbeast" file="monsters/dreadbeast.xml" />
	<monster name="Dreadwing" file="monsters/dreadwing.xml" />
	<monster name="Drillworm" file="monsters/drillworm.xml" />
	<monster name="Dromedary" file="monsters/dromedary.xml" />
	<monster name="Druid Familiar" file="monsters/druid_familiar.xml" />
	<monster name="Dryad" file="monsters/dryad.xml" />
	<monster name="Duke Krule" file="monsters/duke_krule.xml" />
	<monster name="Dwarf Dispenser" file="monsters/dwarf_dispenser.xml" />
	<monster name="Dwarf Geomancer" file="monsters/dwarf_geomancer.xml" />
	<monster name="Dwarf Guard" file="monsters/dwarf_guard.xml" />
	<monster name="Dwarf Henchman" file="monsters/dwarf_henchman.xml" />
	<monster name="Dwarf Miner" file="monsters/dwarf_miner.xml" />
	<monster name="Dwarf Soldier" file="monsters/dwarf_soldier.xml" />
	<monster name="Dwarf" file="monsters/dwarf.xml" />
	<monster name="Dworc Fleshhunter" file="monsters/dworc_fleshhunter.xml" />
	<monster name="Dworc Venomsniper" file="monsters/dworc_venomsniper.xml" />
	<monster name="Dworc Voodoomaster" file="monsters/dworc_voodoomaster.xml" />
	<monster name="Earl Osam" file="monsters/earl_osam.xml" />
	<monster name="Earth Elemental" file="monsters/earth_elemental.xml" />
	<monster name="Earth Overlord" file="monsters/earth_overlord.xml" />
	<monster name="Earworm" file="monsters/earworm.xml" />
	<monster name="Efreet" file="monsters/efreet.xml" />
	<monster name="Ekatrix" file="monsters/ekatrix.xml" />
	<monster name="Elder Bonelord" file="monsters/elder_bonelord.xml" />
	<monster name="Elder Forest Fury" file="monsters/elder_forest_fury.xml" />
	<monster name="Elder Mummy" file="monsters/elder_mummy.xml" />
	<monster name="Elder Wyrm" file="monsters/elder_wyrm.xml" />
	<monster name="Elephant" file="monsters/elephant.xml" />
	<monster name="Elf Arcanist" file="monsters/elf_arcanist.xml" />
	<monster name="Elf Overseer" file="monsters/elf_overseer.xml" />
	<monster name="Elf Scout" file="monsters/elf_scout.xml" />
	<monster name="Elf" file="monsters/elf.xml" />
	<monster name="Elvira Hammerthrust" file="monsters/elvira_hammerthrust.xml" />
	<monster name="Ember Beast" file="monsters/ember_beast.xml" />
	<monster name="Emerald Damselfly" file="monsters/emerald_damselfly.xml" />
	<monster name="Empowered Glooth Horror" file="monsters/empowered_glooth_horror.xml" />
	<monster name="Energetic Book" file="monsters/energetic_book.xml" />
	<monster name="Energized Raging Mage" file="monsters/energized_raging_mage.xml" />
	<monster name="Energuardian Of Tales" file="monsters/energuardian_of_tales.xml" />
	<monster name="Energy Elemental" file="monsters/energy_elemental.xml" />
	<monster name="Energy Overlord" file="monsters/energy_overlord.xml" />
	<monster name="Energy Pulse" file="monsters/energy_pulse.xml" />
	<monster name="Enfeebled Silencer" file="monsters/enfeebled_silencer.xml" />
	<monster name="Enlightened Of The Cult" file="monsters/enlightened_of_the_cult.xml" />
	<monster name="Enraged Crystal Golem" file="monsters/enraged_crystal_golem.xml" />
	<monster name="Enraged Sand Brood" file="monsters/enraged_sand_brood.xml" />
	<monster name="Enraged Squirrel" file="monsters/enraged_squirrel.xml" />
	<monster name="Enraged White Deer" file="monsters/enraged_white_deer.xml" />
	<monster name="Enslaved Dwarf" file="monsters/enslaved_dwarf.xml" />
	<monster name="Enthralled Demon" file="monsters/enthralled_demon.xml" />
	<monster name="Eruption Of Destruction" file="monsters/eruption_of_destruction.xml" />
	<monster name="Esmeralda" file="monsters/esmeralda.xml" />
	<monster name="Essence Of Darkness" file="monsters/essence_of_darkness.xml" />
	<monster name="Essence Of Malice" file="monsters/essence_of_malice.xml" />
	<monster name="Eternal Guardian" file="monsters/eternal_guardian.xml" />
	<monster name="Evil Mastermind" file="monsters/evil_mastermind.xml" />
	<monster name="Evil Sheep Lord" file="monsters/evil_sheep_lord.xml" />
	<monster name="Evil Sheep" file="monsters/evil_sheep.xml" />
	<monster name="Execowtioner" file="monsters/execowtioner.xml" />
	<monster name="Eye Of The Seven" file="monsters/eye_of_the_seven.xml" />
	<monster name="Fahim The Wise" file="monsters/fahim_the_wise.xml" />
	<monster name="Falcon Knight" file="monsters/falcon_knight.xml" />
	<monster name="Falcon Paladin" file="monsters/falcon_paladin.xml" />
	<monster name="Fallen Challenger" file="monsters/fallen_challenger.xml" />
	<monster name="Fallen Mooh'tah Master Ghar" file="monsters/fallen_mooh'tah_master_ghar.xml" />
	<monster name="Fatality" file="monsters/fatality.xml" />
	<monster name="Faun" file="monsters/faun.xml" />
	<monster name="Feeble Glooth Horror" file="monsters/feeble_glooth_horror.xml" />
	<monster name="Feral Sphinx" file="monsters/feral_sphinx.xml" />
	<monster name="Fernfang" file="monsters/fernfang.xml" />
	<monster name="Feroxa Gloom Wolf" file="monsters/feroxa_gloom_wolf.xml" />
	<monster name="Feroxa Killable Werewolf" file="monsters/feroxa_killable_werewolf.xml" />
	<monster name="Feroxa Werewolf" file="monsters/feroxa_werewolf.xml" />
	<monster name="Feroxa" file="monsters/feroxa.xml" />
	<monster name="Ferumbras Essence" file="monsters/ferumbras_essence.xml" />
	<monster name="Ferumbras Mortal Shell" file="monsters/ferumbras_mortal_shell.xml" />
	<monster name="Ferumbras Soul Splinter" file="monsters/ferumbras_soul_splinter.xml" />
	<monster name="Ferumbras" file="monsters/ferumbras.xml" />
	<monster name="Fetter" file="monsters/fetter.xml" />
	<monster name="Feverish Citizen" file="monsters/feverish_citizen.xml" />
	<monster name="Feversleep" file="monsters/feversleep.xml" />
	<monster name="Fiery Blood" file="monsters/fiery_blood.xml" />
	<monster name="Fiery Heart" file="monsters/fiery_heart_creature.xml" />
	<monster name="Filth Toad" file="monsters/filth_toad.xml" />
	<monster name="Fire Devil" file="monsters/fire_devil.xml" />
	<monster name="Fire Elemental" file="monsters/fire_elemental.xml" />
	<monster name="Fire Overlord" file="monsters/fire_overlord.xml" />
	<monster name="Firestarter" file="monsters/firestarter.xml" />
	<monster name="Fish" file="monsters/fish.xml" />
	<monster name="Flamethrower" file="monsters/flamethrower.xml" />
	<monster name="Flamingo" file="monsters/flamingo.xml" />
	<monster name="Fleshslicer" file="monsters/fleshslicer.xml" />
	<monster name="Floating Savant" file="monsters/floating_savant.xml" />
	<monster name="Floor Blob" file="monsters/floor_blob.xml" />
	<monster name="Fluffy" file="monsters/fluffy.xml" />
	<monster name="Flying Book" file="monsters/flying_book.xml" />
	<monster name="Force Field" file="monsters/force_field.xml" />
	<monster name="Foreman Kneebiter" file="monsters/foreman_kneebiter.xml" />
	<monster name="Forest Fury" file="monsters/forest_fury.xml" />
	<monster name="Fox" file="monsters/fox.xml" />
	<monster name="Frazzlemaw" file="monsters/frazzlemaw.xml" />
	<monster name="Freed Soul" file="monsters/freed_soul.xml" />
	<monster name="Freegoiz" file="monsters/freegoiz.xml" />
	<monster name="Frost Dragon Hatchling" file="monsters/frost_dragon_hatchling.xml" />
	<monster name="Frost Dragon" file="monsters/frost_dragon.xml" />
	<monster name="Frost Flower Asura" file="monsters/frost_flower_asura.xml" />
	<monster name="Frost Giant" file="monsters/frost_giant.xml" />
	<monster name="Frost Giantess" file="monsters/frost_giantess.xml" />
	<monster name="Frost Troll" file="monsters/frost_troll.xml" />
	<monster name="Frostfur" file="monsters/frostfur.xml" />
	<monster name="Frozen Minion" file="monsters/frozen_minion.xml" />
	<monster name="Furious Orc Berserker" file="monsters/furious_orc_berserker.xml" />
	<monster name="Furious Scorpion" file="monsters/furious_scorpion.xml" />
	<monster name="Furious Troll" file="monsters/furious_troll.xml" />
	<monster name="Fury Of The Emperor" file="monsters/fury_of_the_emperor.xml" />
	<monster name="Fury" file="monsters/fury.xml" />
	<monster name="Gaffir" file="monsters/gaffir.xml" />
	<monster name="Gang Member" file="monsters/gang_member.xml" />
	<monster name="Gargoyle" file="monsters/gargoyle.xml" />
	<monster name="Gaz'haragoth" file="monsters/gaz'haragoth.xml" />
	<monster name="Gazer" file="monsters/gazer.xml" />
	<monster name="Gelidrazah The Frozen" file="monsters/gelidrazah_the_frozen.xml" />
	<monster name="General Murius" file="monsters/general_murius.xml" />
	<monster name="Ghastly Dragon" file="monsters/ghastly_dragon.xml" />
	<monster name="Ghazbaran" file="monsters/ghazbaran.xml" />
	<monster name="Ghost Of A Planegazer" file="monsters/ghost_of_a_planegazer.xml" />
	<monster name="Ghost Wolf" file="monsters/ghost_wolf.xml" />
	<monster name="Ghost" file="monsters/ghost.xml" />
	<monster name="Ghoul" file="monsters/ghoul.xml" />
	<monster name="Ghoulish Hyaena" file="monsters/ghoulish_hyaena.xml" />
	<monster name="Ghulosh' Deathgaze" file="monsters/ghulosh_deathgaze.xml" />
	<monster name="Ghulosh" file="monsters/ghulosh.xml" />
	<monster name="Giant Spider Wyda" file="monsters/giant_spider_wyda.xml" />
	<monster name="Giant Spider" file="monsters/giant_spider.xml" />
	<monster name="Gladiator" file="monsters/gladiator.xml" />
	<monster name="Glitterscale" file="monsters/glitterscale.xml" />
	<monster name="Gloom Wolf" file="monsters/gloom_wolf.xml" />
	<monster name="Glooth Anemone" file="monsters/glooth_anemone.xml" />
	<monster name="Glooth Bandit" file="monsters/glooth_bandit.xml" />
	<monster name="Glooth Battery" file="monsters/glooth_battery.xml" />
	<monster name="Glooth Blob" file="monsters/glooth_blob.xml" />
	<monster name="Glooth Bomb" file="monsters/glooth_bomb.xml" />
	<monster name="Glooth Brigand" file="monsters/glooth_brigand.xml" />
	<monster name="Glooth Fairy" file="monsters/glooth_fairy.xml" />
	<monster name="Glooth Golem" file="monsters/glooth_golem.xml" />
	<monster name="Glooth Horror" file="monsters/glooth_horror.xml" />
	<monster name="Glooth Masher" file="monsters/glooth_masher.xml" />
	<monster name="Glooth Powered Minotaur" file="monsters/glooth_powered_minotaur.xml" />
	<monster name="Glooth Slasher" file="monsters/glooth_slasher.xml" />
	<monster name="Glooth Trasher" file="monsters/glooth_trasher.xml" />
	<monster name="Glooth-Generator" file="monsters/glooth-generator.xml" />
	<monster name="Gnarlhound" file="monsters/gnarlhound.xml" />
	<monster name="Gnome Pack Crawler" file="monsters/gnome_pack_crawler.xml" />
	<monster name="Gnomevil" file="monsters/gnomevil.xml" />
	<monster name="Gnorre Chyllson" file="monsters/gnorre_chyllson.xml" />
	<monster name="Goblin Assassin" file="monsters/goblin_assassin.xml" />
	<monster name="Goblin Leader" file="monsters/goblin_leader.xml" />
	<monster name="Goblin Scavenger" file="monsters/goblin_scavenger.xml" />
	<monster name="Goblin" file="monsters/goblin.xml" />
	<monster name="Golden Servant Replica" file="monsters/golden_servant_replica.xml" />
	<monster name="Golden Servant" file="monsters/golden_servant.xml" />
	<monster name="Goldhanded Cultist Bride" file="monsters/goldhanded_cultist_bride.xml" />
	<monster name="Goldhanded Cultist" file="monsters/goldhanded_cultist.xml" />
	<monster name="Golgordan" file="monsters/golgordan.xml" />
	<monster name="Gorzindel" file="monsters/gorzindel.xml" />
	<monster name="Gozzler" file="monsters/gozzler.xml" />
	<monster name="Grand Canon Dominus" file="monsters/grand_canon_dominus.xml" />
	<monster name="Grand Chaplain Gaunder" file="monsters/grand_chaplain_gaunder.xml" />
	<monster name="Grand Commander Soeren" file="monsters/grand_commander_soeren.xml" />
	<monster name="Grand Master Oberon" file="monsters/grand_master_oberon.xml" />
	<monster name="Grand Mother Foulscale" file="monsters/grand_mother_foulscale.xml" />
	<monster name="Grandfather Tridian" file="monsters/grandfather_tridian.xml" />
	<monster name="Grave Guard" file="monsters/grave_guard.xml" />
	<monster name="Grave Robber" file="monsters/grave_robber.xml" />
	<monster name="Gravedigger" file="monsters/gravedigger.xml" />
	<monster name="Gravelord Oshuran" file="monsters/gravelord_oshuran.xml" />
	<monster name="Gray Horse" file="monsters/gray_horse.xml" />
	<monster name="Greater Canopic Jar" file="monsters/greater_canopic_jar.xml" />
	<monster name="Greater Death Minion" file="monsters/greater_death_minion.xml" />
	<monster name="Green Djinn" file="monsters/green_djinn.xml" />
	<monster name="Green Frog" file="monsters/green_frog.xml" />
	<monster name="Grim Reaper" file="monsters/grim_reaper.xml" />
	<monster name="Grimeleech" file="monsters/grimeleech.xml" />
	<monster name="Grimgor Guteater" file="monsters/grimgor_guteater.xml" />
	<monster name="Groam" file="monsters/groam.xml" />
	<monster name="Grodrik" file="monsters/grodrik.xml" />
	<monster name="Grorlam" file="monsters/grorlam.xml" />
	<monster name="Grynch Clan Goblin" file="monsters/grynch_clan_goblin.xml" />
	<monster name="Gryphon" file="monsters/gryphon.xml" />
	<monster name="Guard Captain Quaid" file="monsters/guard_captain_quaid.xml" />
	<monster name="Guardian Of Tales" file="monsters/guardian_of_tales.xml" />
	<monster name="Guilt" file="monsters/guilt.xml" />
	<monster name="Guzzlemaw" file="monsters/guzzlemaw.xml" />
	<monster name="Hacker" file="monsters/hacker.xml" />
	<monster name="Hairman The Huge" file="monsters/hairman_the_huge.xml" />
	<monster name="Hand Of Cursed Fate" file="monsters/hand_of_cursed_fate.xml" />
	<monster name="Haunted Dragon" file="monsters/haunted_dragon.xml" />
	<monster name="Haunted Treeling" file="monsters/haunted_treeling.xml" />
	<monster name="Haunter" file="monsters/haunter.xml" />
	<monster name="Hell Hole" file="monsters/hell_hole.xml" />
	<monster name="Hellfire Fighter" file="monsters/hellfire_fighter.xml" />
	<monster name="Hellflayer" file="monsters/hellflayer.xml" />
	<monster name="Hellgorak" file="monsters/hellgorak.xml" />
	<monster name="Hellhound" file="monsters/hellhound.xml" />
	<monster name="Hellspawn" file="monsters/hellspawn.xml" />
	<monster name="Heoni" file="monsters/heoni.xml" />
	<monster name="Herald Of Gloom" file="monsters/herald_of_gloom.xml" />
	<monster name="Hero" file="monsters/hero.xml" />
	<monster name="Hide" file="monsters/hide.xml" />
	<monster name="Hideous Fungus" file="monsters/hideous_fungus.xml" />
	<monster name="High Templar Cobrass" file="monsters/high_templar_cobrass.xml" />
	<monster name="High Voltage Elemental" file="monsters/high_voltage_elemental.xml" />
	<monster name="Hive Overseer" file="monsters/hive_overseer.xml" />
	<monster name="Hive Pore" file="monsters/hive_pore.xml" />
	<monster name="Honour Guard" file="monsters/honour_guard.xml" />
	<monster name="Horadron" file="monsters/horadron.xml" />
	<monster name="Horestis" file="monsters/horestis.xml" />
	<monster name="Horse" file="monsters/taupe_horse.xml" />
	<monster name="Hot Dog" file="monsters/hot_dog.xml" />
	<monster name="Humongous Fungus" file="monsters/humongous_fungus.xml" />
	<monster name="Humorless Fungus" file="monsters/humorless_fungus.xml" />
	<monster name="Hunter" file="monsters/hunter.xml" />
	<monster name="Husky" file="monsters/husky.xml" />
	<monster name="Hyaena" file="monsters/hyaena.xml" />
	<monster name="Hydra" file="monsters/hydra.xml" />
	<monster name="Ice Dragon" file="monsters/ice_dragon.xml" />
	<monster name="Ice Golem" file="monsters/ice_golem.xml" />
	<monster name="Ice Overlord" file="monsters/ice_overlord.xml" />
	<monster name="Ice Witch" file="monsters/ice_witch.xml" />
	<monster name="Icecold Book" file="monsters/icecold_book.xml" />
	<monster name="Icicle" file="monsters/icicle.xml" />
	<monster name="Imp Intruder" file="monsters/imp_intruder.xml" />
	<monster name="Incineron" file="monsters/incineron.xml" />
	<monster name="Incredibly Old Witch" file="monsters/incredibly_old_witch.xml" />
	<monster name="Infected Weeper" file="monsters/infected_weeper.xml" />
	<monster name="Infernal Frog" file="monsters/infernal_frog.xml" />
	<monster name="Infernalist" file="monsters/infernalist.xml" />
	<monster name="Infernatil" file="monsters/infernatil.xml" />
	<monster name="Ink Blob" file="monsters/ink_blob.xml" />
	<monster name="Inky" file="monsters/inky.xml" />
	<monster name="Insect Swarm" file="monsters/insect_swarm.xml" />
	<monster name="Insectoid Scout" file="monsters/insectoid_scout.xml" />
	<monster name="Insectoid Worker" file="monsters/insectoid_worker.xml" />
	<monster name="Invading Demon" file="monsters/invading_demon.xml" />
	<monster name="Iron Servant Replica" file="monsters/iron_servant_replica.xml" />
	<monster name="Iron Servant" file="monsters/iron_servant.xml" />
	<monster name="Ironblight" file="monsters/ironblight.xml" />
	<monster name="Island Troll" file="monsters/island_troll.xml" />
	<monster name="Jagged Earth Elemental" file="monsters/jagged_earth_elemental.xml" />
	<monster name="Jailer" file="monsters/jailer.xml" />
	<monster name="Jaul" file="monsters/jaul.xml" />
	<monster name="Jellyfish" file="monsters/jellyfish.xml" />
	<monster name="Jesse The Wicked" file="monsters/jesse_the_wicked.xml" />
	<monster name="Juggernaut" file="monsters/juggernaut.xml" />
	<monster name="Kalyassa" file="monsters/kalyassa.xml" />
	<monster name="Killer Caiman" file="monsters/killer_caiman.xml" />
	<monster name="Killer Rabbit" file="monsters/killer_rabbit.xml" />
	<monster name="King Zelos" file="monsters/king_zelos.xml" />
	<monster name="Kitty" file="monsters/kitty.xml" />
	<monster name="Knight Familiar" file="monsters/knight_familiar.xml" />
	<monster name="Knowledge Elemental" file="monsters/knowledge_elemental.xml" />
	<monster name="Knowledge Raider" file="monsters/knowledge_raider.xml" />
	<monster name="Kollos" file="monsters/kollos.xml" />
	<monster name="Kongra" file="monsters/kongra.xml" />
	<monster name="Koshei The Deathless" file="monsters/koshei_the_deathless.xml" />
	<monster name="Kraknaknork's Demon" file="monsters/kraknaknork's_demon.xml" />
	<monster name="Kraknaknork" file="monsters/kraknaknork.xml" />
	<monster name="Kreebosh The Exile" file="monsters/kreebosh_the_exile.xml" />
	<monster name="Kroazur" file="monsters/kroazur.xml" />
	<monster name="Lady Tenebris" file="monsters/lady_tenebris.xml" />
	<monster name="Ladybug" file="monsters/ladybug.xml" />
	<monster name="Lamassu" file="monsters/lamassu.xml" />
	<monster name="Lancer Beetle" file="monsters/lancer_beetle.xml" />
	<monster name="Larva" file="monsters/larva.xml" />
	<monster name="Last Planegazer" file="monsters/last_planegazer.xml" />
	<monster name="Latrivan" file="monsters/latrivan.xml" />
	<monster name="Lava Golem" file="monsters/lava_golem.xml" />
	<monster name="Lava Lurker Attendant" file="monsters/lava_lurker_attendant.xml" />
	<monster name="Lava Lurker" file="monsters/lava_lurker.xml" />
	<monster name="Lavahole" file="monsters/lavahole.xml" />
	<monster name="Leaf Golem" file="monsters/leaf_golem.xml" />
	<monster name="Leiden" file="monsters/leiden.xml" />
	<monster name="Lesser Death Minion" file="monsters/lesser_death_minion.xml" />
	<monster name="Lesser Swarmer" file="monsters/lesser_swarmer.xml" />
	<monster name="Lethal Lissy" file="monsters/lethal_lissy.xml" />
	<monster name="Leviathan" file="monsters/leviathan.xml" />
	<monster name="Librarian" file="monsters/librarian.xml" />
	<monster name="Lich" file="monsters/lich.xml" />
	<monster name="Lion" file="monsters/lion.xml" />
	<monster name="Lisa" file="monsters/lisa.xml" />
	<monster name="Little Corym Charlatan" file="monsters/little_corym_charlatan.xml" />
	<monster name="Lizard Abomination" file="monsters/lizard_abomination.xml" />
	<monster name="Lizard Chosen" file="monsters/lizard_chosen.xml" />
	<monster name="Lizard Dragon Priest" file="monsters/lizard_dragon_priest.xml" />
	<monster name="Lizard Gate Guardian" file="monsters/lizard_gate_guardian.xml" />
	<monster name="Lizard High Guard" file="monsters/lizard_high_guard.xml" />
	<monster name="Lizard Legionnaire" file="monsters/lizard_legionnaire.xml" />
	<monster name="Lizard Magistratus" file="monsters/lizard_magistratus.xml" />
	<monster name="Lizard Noble" file="monsters/lizard_noble.xml" />
	<monster name="Lizard Sentinel" file="monsters/lizard_sentinel.xml" />
	<monster name="Lizard Snakecharmer" file="monsters/lizard_snakecharmer.xml" />
	<monster name="Lizard Templar" file="monsters/lizard_templar.xml" />
	<monster name="Lizard Zaogun" file="monsters/lizard_zaogun.xml" />
	<monster name="Lloyd" file="monsters/lloyd.xml" />
	<monster name="Lokathmor" file="monsters/lokathmor.xml" />
	<monster name="Lonely Deer" file="monsters/lonely_deer.xml" />
	<monster name="Lonely Frazzlemaw" file="monsters/lonely_frazzlemaw.xml" />
	<monster name="Lonely Polar Bear" file="monsters/lonely_polar_bear.xml" />
	<monster name="Lonely Rotworm" file="monsters/lonely_rotworm.xml" />
	<monster name="Lonely Scorpion" file="monsters/lonely_scorpion.xml" />
	<monster name="Lonely Snake" file="monsters/lonely_snake.xml" />
	<monster name="Lonely Souleater" file="monsters/lonely_souleater.xml" />
	<monster name="Lonely Yielothax" file="monsters/lonely_yielothax.xml" />
	<monster name="Lord Azaram" file="monsters/lord_azaram.xml" />
	<monster name="Lord Of The Elements" file="monsters/lord_of_the_elements.xml" />
	<monster name="Lost Basher" file="monsters/lost_basher.xml" />
	<monster name="Lost Berserker" file="monsters/lost_berserker.xml" />
	<monster name="Lost Exile" file="monsters/lost_exile.xml" />
	<monster name="Lost Gnome" file="monsters/lost_gnome.xml" />
	<monster name="Lost Husher" file="monsters/lost_husher.xml" />
	<monster name="Lost Soul" file="monsters/lost_soul.xml" />
	<monster name="Lost Thrower" file="monsters/lost_thrower.xml" />
	<monster name="Lost Time" file="monsters/lost_time.xml" />
	<monster name="Mad Mage" file="monsters/mad_mage.xml" />
	<monster name="Mad Scientist" file="monsters/mad_scientist.xml" />
	<monster name="Mad Sheep" file="monsters/mad_sheep.xml" />
	<monster name="Mad Technomancer" file="monsters/mad_technomancer.xml" />
	<monster name="Madareth" file="monsters/madareth.xml" />
	<monster name="Magic Pillar" file="monsters/magic_pillar.xml" />
	<monster name="Magicthrower" file="monsters/magicthrower.xml" />
	<monster name="Magma Crawler" file="monsters/magma_crawler.xml" />
	<monster name="Mahatheb" file="monsters/mahatheb.xml" />
	<monster name="Mahrdis" file="monsters/mahrdis.xml" />
	<monster name="Makeshift Home" file="monsters/makeshift_home.xml" />
	<monster name="Malicious Minion" file="monsters/malicious_minion.xml" />
	<monster name="Mammoth" file="monsters/mammoth.xml" />
	<monster name="Man In The Cave" file="monsters/man_in_the_cave.xml" />
	<monster name="Manta Ray" file="monsters/manta_ray.xml" />
	<monster name="Manticore" file="monsters/manticore.xml" />
	<monster name="Marid" file="monsters/marid.xml" />
	<monster name="Marsh Stalker" file="monsters/marsh_stalker.xml" />
	<monster name="Massacre" file="monsters/massacre.xml" />
	<monster name="Massive Earth Elemental" file="monsters/massive_earth_elemental.xml" />
	<monster name="Massive Energy Elemental" file="monsters/massive_energy_elemental.xml" />
	<monster name="Massive Fire Elemental" file="monsters/massive_fire_elemental.xml" />
	<monster name="Massive Water Elemental" file="monsters/massive_water_elemental.xml" />
	<monster name="Mawhawk" file="monsters/mawhawk.xml" />
	<monster name="Mazoran" file="monsters/mazoran.xml" />
	<monster name="Mazzinor" file="monsters/mazzinor.xml" />
	<monster name="Mean Minion" file="monsters/mean_minion.xml" />
	<monster name="Mechanical Fighter" file="monsters/mechanical_fighter.xml" />
	<monster name="Medusa" file="monsters/medusa.xml" />
	<monster name="Melting Frozen Horror" file="monsters/melting_frozen_horror.xml" />
	<monster name="Menace" file="monsters/menace.xml" />
	<monster name="Mephiles" file="monsters/mephiles.xml" />
	<monster name="Mercury Blob" file="monsters/mercury_blob.xml" />
	<monster name="Merikh The Slaughterer" file="monsters/merikh_the_slaughterer.xml" />
	<monster name="Merlkin" file="monsters/merlkin.xml" />
	<monster name="Metal Gargoyle" file="monsters/metal_gargoyle.xml" />
	<monster name="Mezlon The Defiler" file="monsters/mezlon_the_defiler.xml" />
	<monster name="Midnight Asura" file="monsters/midnight_asura.xml" />
	<monster name="Midnight Panther" file="monsters/midnight_panther.xml" />
	<monster name="Midnight Spawn" file="monsters/midnight_spawn.xml" />
	<monster name="Mimic" file="monsters/mimic.xml" />
	<monster name="Minion Of Gaz'haragoth" file="monsters/minion_of_gaz'haragoth.xml" />
	<monster name="Minion Of Versperoth" file="monsters/minion_of_versperoth.xml" />
	<monster name="Minishabaal" file="monsters/minishabaal.xml" />
	<monster name="Minotaur Amazon" file="monsters/minotaur_amazon.xml" />
	<monster name="Minotaur Archer" file="monsters/minotaur_archer.xml" />
	<monster name="Minotaur Cult Follower" file="monsters/minotaur_cult_follower.xml" />
	<monster name="Minotaur Cult Prophet" file="monsters/minotaur_cult_prophet.xml" />
	<monster name="Minotaur Cult Zealot" file="monsters/minotaur_cult_zealot.xml" />
	<monster name="Minotaur Guard" file="monsters/minotaur_guard.xml" />
	<monster name="Minotaur Hunter" file="monsters/minotaur_hunter.xml" />
	<monster name="Minotaur Idol" file="monsters/minotaur_idol.xml" />
	<monster name="Minotaur Invader" file="monsters/minotaur_invader.xml" />
	<monster name="Minotaur Mage" file="monsters/minotaur_mage.xml" />
	<monster name="Minotaur Totem" file="monsters/minotaur_totem.xml" />
	<monster name="Minotaur" file="monsters/minotaur.xml" />
	<monster name="Misguided Bully" file="monsters/misguided_bully.xml" />
	<monster name="Misguided Shadow" file="monsters/misguided_shadow.xml" />
	<monster name="Misguided Thief" file="monsters/misguided_thief.xml" />
	<monster name="Modified Gnarlhound" file="monsters/modified_gnarlhound.xml" />
	<monster name="Mole" file="monsters/mole.xml" />
	<monster name="Monk" file="monsters/monk.xml" />
	<monster name="Monstor" file="monsters/monstor.xml" />
	<monster name="Mooh'tah Master" file="monsters/mooh'tah_master.xml" />
	<monster name="Mooh'tah Warrior" file="monsters/mooh'tah_warrior.xml" />
	<monster name="Moohtant Wallbreaker" file="monsters/moohtant_wallbreaker.xml" />
	<monster name="Moohtant" file="monsters/moohtant.xml" />
	<monster name="Morgaroth" file="monsters/morgaroth.xml" />
	<monster name="Morguthis" file="monsters/morguthis.xml" />
	<monster name="Morik The Gladiator" file="monsters/morik_the_gladiator.xml" />
	<monster name="Mornenion" file="monsters/mornenion.xml" />
	<monster name="Mounted Thorn Knight" file="monsters/mounted_thorn_knight.xml" />
	<monster name="Mozradek" file="monsters/mozradek.xml" />
	<monster name="Mr. Punish" file="monsters/mr._punish.xml" />
	<monster name="Muddy Earth Elemental" file="monsters/muddy_earth_elemental.xml" />
	<monster name="Mummy" file="monsters/mummy.xml" />
	<monster name="Munster" file="monsters/munster.xml" />
	<monster name="Museum Stone Golem" file="monsters/museum_stone_golem.xml" />
	<monster name="Museum Stone Rhino" file="monsters/museum_stone_rhino.xml" />
	<monster name="Mushroom Sniffer" file="monsters/mushroom_sniffer.xml" />
	<monster name="Mutated Bat" file="monsters/mutated_bat.xml" />
	<monster name="Mutated Human" file="monsters/mutated_human.xml" />
	<monster name="Mutated Rat" file="monsters/mutated_rat.xml" />
	<monster name="Mutated Tiger" file="monsters/mutated_tiger.xml" />
	<monster name="Necromancer Servant" file="monsters/necromancer_servant.xml" />
	<monster name="Necromancer" file="monsters/necromancer.xml" />
	<monster name="Necropharus" file="monsters/necropharus.xml" />
	<monster name="Neutral Deepling Warrior" file="monsters/neutral_deepling_warrior.xml" />
	<monster name="Nightfiend" file="monsters/nightfiend.xml" />
	<monster name="Nightmare Of Gaz'haragoth" file="monsters/nightmare_of_gaz'haragoth.xml" />
	<monster name="Nightmare Scion" file="monsters/nightmare_scion.xml" />
	<monster name="Nightmare" file="monsters/nightmare.xml" />
	<monster name="Nightstalker" file="monsters/nightstalker.xml" />
	<monster name="Noble Lion" file="monsters/noble_lion.xml" />
	<monster name="Nomad (Blue)" file="monsters/nomad_blue.xml" />
	<monster name="Nomad (Female)" file="monsters/nomad_female.xml" />
	<monster name="Nomad" file="monsters/nomad.xml" />
	<monster name="Norgle Glacierbeard" file="monsters/norgle_glacierbeard.xml" />
	<monster name="Northern Pike" file="monsters/northern_pike.xml" />
	<monster name="Novice Of The Cult" file="monsters/novice_of_the_cult.xml" />
	<monster name="Nymph" file="monsters/nymph.xml" />
	<monster name="Obujos" file="monsters/obujos.xml" />
	<monster name="Ogre Brute" file="monsters/ogre_brute.xml" />
	<monster name="Ogre Rowdy" file="monsters/ogre_rowdy.xml" />
	<monster name="Ogre Ruffian" file="monsters/ogre_ruffian.xml" />
	<monster name="Ogre Sage" file="monsters/ogre_sage.xml" />
	<monster name="Ogre Savage" file="monsters/ogre_savage.xml" />
	<monster name="Ogre Shaman" file="monsters/ogre_shaman.xml" />
	<monster name="Omnivora" file="monsters/omnivora.xml" />
	<monster name="Omruc" file="monsters/omruc.xml" />
	<monster name="Oodok Witchmaster" file="monsters/oodok_witchmaster.xml" />
	<monster name="Orc Berserker" file="monsters/orc_berserker.xml" />
	<monster name="Orc Cult Fanatic" file="monsters/orc_cult_fanatic.xml" />
	<monster name="Orc Cult Minion" file="monsters/orc_cult_minion.xml" />
	<monster name="Orc Cult Priest" file="monsters/orc_cult_priest.xml" />
	<monster name="Orc Cultist" file="monsters/orc_cultist.xml" />
	<monster name="Orc Leader" file="monsters/orc_leader.xml" />
	<monster name="Orc Marauder" file="monsters/orc_marauder.xml" />
	<monster name="Orc Rider" file="monsters/orc_rider.xml" />
	<monster name="Orc Shaman" file="monsters/orc_shaman.xml" />
	<monster name="Orc Spearman" file="monsters/orc_spearman.xml" />
	<monster name="Orc Warlord" file="monsters/orc_warlord.xml" />
	<monster name="Orc Warrior" file="monsters/orc_warrior.xml" />
	<monster name="Orc" file="monsters/orc.xml" />
	<monster name="Orchid Frog" file="monsters/orchid_frog.xml" />
	<monster name="Orclops Doomhauler" file="monsters/orclops_doomhauler.xml" />
	<monster name="Orclops Ravager" file="monsters/orclops_ravager.xml" />
	<monster name="Orcus The Cruel" file="monsters/orcus_the_cruel.xml" />
	<monster name="Orewalker" file="monsters/orewalker.xml" />
	<monster name="Organic Matter" file="monsters/organic_matter.xml" />
	<monster name="Orshabaal" file="monsters/orshabaal.xml" />
	<monster name="Overcharged Energy Element" file="monsters/overcharged_energy_element.xml" />
	<monster name="Owin" file="monsters/owin.xml" />
	<monster name="Paladin Familiar" file="monsters/paladin_familiar.xml" />
	<monster name="Panda" file="monsters/panda.xml" />
	<monster name="Parasite" file="monsters/parasite.xml" />
	<monster name="Parrot" file="monsters/parrot.xml" />
	<monster name="Party Skeleton" file="monsters/party_skeleton.xml" />
	<monster name="Penguin" file="monsters/penguin.xml" />
	<monster name="Phantasm Summon" file="monsters/phantasm_summon.xml" />
	<monster name="Phantasm" file="monsters/phantasm.xml" />
	<monster name="Pig" file="monsters/pig.xml" />
	<monster name="Pigeon" file="monsters/pigeon.xml" />
	<monster name="Pillar Of Death" file="monsters/pillar_of_death.xml" />
	<monster name="Pillar Of Draining" file="monsters/pillar_of_draining.xml" />
	<monster name="Pillar Of Healing" file="monsters/pillar_of_healing.xml" />
	<monster name="Pillar Of Protection" file="monsters/pillar_of_protection.xml" />
	<monster name="Pillar Of Summoning" file="monsters/pillar_of_summoning.xml" />
	<monster name="Pillar" file="monsters/pillar.xml" />
	<monster name="Pinata Dragon" file="monsters/pinata_dragon.xml" />
	<monster name="Pirate Buccaneer" file="monsters/pirate_buccaneer.xml" />
	<monster name="Pirate Corsair" file="monsters/pirate_corsair.xml" />
	<monster name="Pirate Cutthroat" file="monsters/pirate_cutthroat.xml" />
	<monster name="Pirate Ghost" file="monsters/pirate_ghost.xml" />
	<monster name="Pirate Marauder" file="monsters/pirate_marauder.xml" />
	<monster name="Pirate Skeleton" file="monsters/pirate_skeleton.xml" />
	<monster name="Pixie" file="monsters/pixie.xml" />
	<monster name="Plagirath" file="monsters/plagirath.xml" />
	<monster name="Plaguesmith" file="monsters/plaguesmith.xml" />
	<monster name="Plaguethrower" file="monsters/plaguethrower.xml" />
	<monster name="Poacher" file="monsters/poacher.xml" />
	<monster name="Poison Spider" file="monsters/poison_spider.xml" />
	<monster name="Polar Bear" file="monsters/polar_bear.xml" />
	<monster name="Poodle" file="monsters/poodle.xml" />
	<monster name="Pooka" file="monsters/pooka.xml" />
	<monster name="Possessed Tree" file="monsters/possessed_tree.xml" />
	<monster name="Preceptor Lazare" file="monsters/preceptor_lazare.xml" />
	<monster name="Priestess Of The Wild Sun" file="monsters/priestess_of_the_wild_sun.xml" />
	<monster name="Priestess" file="monsters/priestess.xml" />
	<monster name="Primitive" file="monsters/primitive.xml" />
	<monster name="Prince Drazzak" file="monsters/prince_drazzak.xml" />
	<monster name="Professor Maxxen" file="monsters/professor_maxxen.xml" />
	<monster name="Purple Butterfly" file="monsters/purple_butterfly.xml" />
	<monster name="Putrid Mummy" file="monsters/putrid_mummy.xml" />
	<monster name="Pythius The Rotten" file="monsters/pythius_the_rotten.xml" />
	<monster name="Quara Constrictor Scout" file="monsters/quara_constrictor_scout.xml" />
	<monster name="Quara Constrictor" file="monsters/quara_constrictor.xml" />
	<monster name="Quara Hydromancer Scout" file="monsters/quara_hydromancer_scout.xml" />
	<monster name="Quara Hydromancer" file="monsters/quara_hydromancer.xml" />
	<monster name="Quara Mantassin Scout" file="monsters/quara_mantassin_scout.xml" />
	<monster name="Quara Mantassin" file="monsters/quara_mantassin.xml" />
	<monster name="Quara Pincher Scout" file="monsters/quara_pincher_scout.xml" />
	<monster name="Quara Pincher" file="monsters/quara_pincher.xml" />
	<monster name="Quara Predator Scout" file="monsters/quara_predator_scout.xml" />
	<monster name="Quara Predator" file="monsters/quara_predator.xml" />
	<monster name="Rabbit" file="monsters/rabbit.xml" />
	<monster name="Rage Of Mazoran" file="monsters/rage_of_mazoran.xml" />
	<monster name="Rage Squid" file="monsters/rage_squid.xml" />
	<monster name="Ragiaz" file="monsters/ragiaz.xml" />
	<monster name="Raging Fire" file="monsters/raging_fire.xml" />
	<monster name="Raging Mage" file="monsters/raging_mage.xml" />
	<monster name="Rahemos" file="monsters/rahemos.xml" />
	<monster name="Rat" file="monsters/rat.xml" />
	<monster name="Ravenous Beyondling" file="monsters/ravenous_beyondling.xml" />
	<monster name="Ravenous Hunger" file="monsters/ravenous_hunger.xml" />
	<monster name="Raxias" file="monsters/raxias.xml" />
	<monster name="Razzagorn" file="monsters/razzagorn.xml" />
	<monster name="Red Butterfly" file="monsters/red_butterfly.xml" />
	<monster name="Redeemed Soul" file="monsters/redeemed_soul.xml" />
	<monster name="Reflection Of A Mage" file="monsters/reflection_of_a_mage.xml" />
	<monster name="Reflection Of Mawhawk" file="monsters/reflection_of_mawhawk.xml" />
	<monster name="Reflection Of Obujos" file="monsters/reflection_of_obujos.xml" />
	<monster name="Renegade Knight" file="monsters/renegade_knight.xml" />
	<monster name="Renegade Orc" file="monsters/renegade_orc.xml" />
	<monster name="Renegade Quara Constrictor" file="monsters/renegade_quara_constrictor.xml" />
	<monster name="Renegade Quara Hydromancer" file="monsters/renegade_quara_hydromancer.xml" />
	<monster name="Renegade Quara Mantassin" file="monsters/renegade_quara_mantassin.xml" />
	<monster name="Renegade Quara Pincher" file="monsters/renegade_quara_pincher.xml" />
	<monster name="Renegade Quara Predator" file="monsters/renegade_quara_predator.xml" />
	<monster name="Retching Horror" file="monsters/retching_horror.xml" />
	<monster name="Rift Breacher" file="monsters/rift_breacher.xml" />
	<monster name="Rift Brood" file="monsters/rift_brood.xml" />
	<monster name="Rift Fragment" file="monsters/rift_fragment.xml" />
	<monster name="Rift Invader" file="monsters/rift_invader.xml" />
	<monster name="Rift Lord" file="monsters/rift_lord.xml" />
	<monster name="Rift Minion" file="monsters/rift_minion.xml" />
	<monster name="Rift Phantom" file="monsters/rift_phantom.xml" />
	<monster name="Rift Scythe" file="monsters/rift_scythe.xml" />
	<monster name="Rift Spawn" file="monsters/rift_spawn.xml" />
	<monster name="Rift Worm" file="monsters/rift_worm.xml" />
	<monster name="Risen Soldier" file="monsters/risen_soldier.xml" />
	<monster name="Roaring Lion" file="monsters/roaring_lion.xml" />
	<monster name="Roaring Water Elemental" file="monsters/roaring_water_elemental.xml" />
	<monster name="Robby The Reckless" file="monsters/robby_the_reckless.xml" />
	<monster name="Rocko" file="monsters/rocko.xml" />
	<monster name="Rocky" file="monsters/rocky.xml" />
	<monster name="Ron The Ripper" file="monsters/ron_the_ripper.xml" />
	<monster name="Rorc" file="monsters/rorc.xml" />
	<monster name="Rot Elemental" file="monsters/rot_elemental.xml" />
	<monster name="Rottie The Rotworm" file="monsters/rottie_the_rotworm.xml" />
	<monster name="Rotworm Queen" file="monsters/rotworm_queen.xml" />
	<monster name="Rotworm" file="monsters/rotworm.xml" />
	<monster name="Rukor Zad" file="monsters/rukor_zad.xml" />
	<monster name="Rustheap Golem" file="monsters/rustheap_golem.xml" />
	<monster name="Sacred Spider" file="monsters/sacred_spider.xml" />
	<monster name="Salamander" file="monsters/salamander.xml" />
	<monster name="Sand Brood" file="monsters/sand_brood.xml" />
	<monster name="Sand Vortex" file="monsters/sand_vortex.xml" />
	<monster name="Sandcrawler" file="monsters/sandcrawler.xml" />
	<monster name="Sandstone Scorpion" file="monsters/sandstone_scorpion.xml" />
	<monster name="Scarab" file="monsters/scarab.xml" />
	<monster name="Scarlett Etzel" file="monsters/scarlett_etzel.xml" />
	<monster name="Scorn Of The Emperor" file="monsters/scorn_of_the_emperor.xml" />
	<monster name="Scorpion" file="monsters/scorpion.xml" />
	<monster name="Sea Serpent" file="monsters/sea_serpent.xml" />
	<monster name="Seacrest Serpent" file="monsters/seacrest_serpent.xml" />
	<monster name="Seagull" file="monsters/seagull.xml" />
	<monster name="Security Golem" file="monsters/security_golem.xml" />
	<monster name="Serpent Spawn" file="monsters/serpent_spawn.xml" />
	<monster name="Shaburak Demon" file="monsters/shaburak_demon.xml" />
	<monster name="Shaburak Lord" file="monsters/shaburak_lord.xml" />
	<monster name="Shaburak Prince" file="monsters/shaburak_prince.xml" />
	<monster name="Shadow Fiend" file="monsters/shadow_fiend.xml" />
	<monster name="Shadow Hound" file="monsters/shadow_hound.xml" />
	<monster name="Shadow Pupil" file="monsters/shadow_pupil.xml" />
	<monster name="Shadow Tentacle" file="monsters/shadow_tentacle.xml" />
	<monster name="Shadowpelt" file="monsters/shadowpelt.xml" />
	<monster name="Shaper Matriarch" file="monsters/shaper_matriarch.xml" />
	<monster name="Shard Of Corruption" file="monsters/shard_of_corruption.xml" />
	<monster name="Shard Of Magnor" file="monsters/shard_of_magnor.xml" />
	<monster name="Shardhead" file="monsters/shardhead.xml" />
	<monster name="Shark" file="monsters/shark.xml" />
	<monster name="Sharptooth" file="monsters/sharptooth.xml" />
	<monster name="Sheep" file="monsters/sheep.xml" />
	<monster name="Shiversleep" file="monsters/shiversleep.xml" />
	<monster name="Shock Head" file="monsters/shock_head.xml" />
	<monster name="Shredderthrower" file="monsters/shredderthrower.xml" />
	<monster name="Shulgrax" file="monsters/shulgrax.xml" />
	<monster name="Sibang" file="monsters/sibang.xml" />
	<monster name="Sight Of Surrender" file="monsters/sight_of_surrender.xml" />
	<monster name="Silencer" file="monsters/silencer.xml" />
	<monster name="Silver Rabbit" file="monsters/silver_rabbit.xml" />
	<monster name="Sin Devourer" file="monsters/sin_devourer.xml" />
	<monster name="Sir Baeloc" file="monsters/sir_baeloc.xml" />
	<monster name="Sir Nictros" file="monsters/sir_nictros.xml" />
	<monster name="Sir Valorcrest" file="monsters/sir_valorcrest.xml" />
	<monster name="Skeleton Elite Warrior" file="monsters/skeleton_elite_warrior.xml" />
	<monster name="Skeleton Warrior" file="monsters/skeleton_warrior.xml" />
	<monster name="Skeleton" file="monsters/skeleton.xml" />
	<monster name="Skunk" file="monsters/skunk.xml" />
	<monster name="Slick Water Elemental" file="monsters/slick_water_elemental.xml" />
	<monster name="Slim" file="monsters/slim.xml" />
	<monster name="Slime" file="monsters/slime.xml" />
	<monster name="Slippery Northern Pike" file="monsters/slippery_northern_pike.xml" />
	<monster name="Slug" file="monsters/slug.xml" />
	<monster name="Smuggler Baron Silvertoe" file="monsters/smuggler_baron_silvertoe.xml" />
	<monster name="Smuggler" file="monsters/smuggler.xml" />
	<monster name="Snail Slime" file="monsters/snail_slime.xml" />
	<monster name="Snake God Essence" file="monsters/snake_god_essence.xml" />
	<monster name="Snake Thing" file="monsters/snake_thing.xml" />
	<monster name="Snake" file="monsters/snake.xml" />
	<monster name="Solid Frozen Horror" file="monsters/solid_frozen_horror.xml" />
	<monster name="Somewhat Beatable Dragon" file="monsters/somewhat_beatable_dragon.xml" />
	<monster name="Son Of Verminor" file="monsters/son_of_verminor.xml" />
	<monster name="Sorcerer Familiar" file="monsters/sorcerer_familiar.xml" />
	<monster name="Soul Of Dragonking Zyrtarch" file="monsters/soul_of_dragonking_zyrtarch.xml" />
	<monster name="Soulcatcher" file="monsters/soulcatcher.xml" />
	<monster name="Souleater" file="monsters/souleater.xml" />
	<monster name="Soulless Minion" file="monsters/soulless_minion.xml" />
	<monster name="Sparkion" file="monsters/sparkion.xml" />
	<monster name="Spawn Of Havoc" file="monsters/spawn_of_havoc.xml" />
	<monster name="Spectral Scum" file="monsters/spectral_scum.xml" />
	<monster name="Spectre" file="monsters/spectre.xml" />
	<monster name="Sphere Of Wrath" file="monsters/sphere_of_wrath.xml" />
	<monster name="Sphinx" file="monsters/sphinx.xml" />
	<monster name="Spider Queen" file="monsters/spider_queen.xml" />
	<monster name="Spider" file="monsters/spider.xml" />
	<monster name="Spidris Elite" file="monsters/spidris_elite.xml" />
	<monster name="Spidris" file="monsters/spidris.xml" />
	<monster name="Spirit Of Earth" file="monsters/spirit_of_earth.xml" />
	<monster name="Spirit Of Fertility" file="monsters/spirit_of_fertility.xml" />
	<monster name="Spirit Of Fire" file="monsters/spirit_of_fire.xml" />
	<monster name="Spirit Of Water" file="monsters/spirit_of_water.xml" />
	<monster name="Spit Nettle" file="monsters/spit_nettle.xml" />
	<monster name="Spite Of The Emperor" file="monsters/spite_of_the_emperor.xml" />
	<monster name="Spitter" file="monsters/spitter.xml" />
	<monster name="Splasher" file="monsters/splasher.xml" />
	<monster name="Squid Warden" file="monsters/squid_warden.xml" />
	<monster name="Squidgy Slime" file="monsters/squidgy_slime.xml" />
	<monster name="Squire Of Nictros" file="monsters/squire_of_nictros.xml" />
	<monster name="Squirrel" file="monsters/squirrel.xml" />
	<monster name="Stalker" file="monsters/stalker.xml" />
	<monster name="Stampor" file="monsters/stampor.xml" />
	<monster name="Starving Wolf" file="monsters/starving_wolf.xml" />
	<monster name="Stolen Knowledge Of Armor" file="monsters/stolen_knowledge_of_armor.xml" />
	<monster name="Stolen Knowledge Of Healing" file="monsters/stolen_knowledge_of_healing.xml" />
	<monster name="Stolen Knowledge Of Lifesteal" file="monsters/stolen_knowledge_of_lifesteal.xml" />
	<monster name="Stolen Knowledge Of Spells" file="monsters/stolen_knowledge_of_spells.xml" />
	<monster name="Stolen Knowledge Of Summoning" file="monsters/stolen_knowledge_of_summoning.xml" />
	<monster name="Stolen Soul" file="monsters/stolen_soul.xml" />
	<monster name="Stolen Tome Of Portals" file="monsters/stolen_tome_of_portals.xml" />
	<monster name="Stone Devourer" file="monsters/stone_devourer.xml" />
	<monster name="Stone Golem" file="monsters/stone_golem.xml" />
	<monster name="Stone Rhino" file="monsters/stone_rhino.xml" />
	<monster name="Stonecracker" file="monsters/stonecracker.xml" />
	<monster name="Stonerefiner" file="monsters/stonerefiner.xml" />
	<monster name="Strange Slime" file="monsters/strange_slime.xml" />
	<monster name="Strong Glooth Horror" file="monsters/strong_glooth_horror.xml" />
	<monster name="Sun-Marked Goanna" file="monsters/sun-marked_goanna.xml" />
	<monster name="Supercharged Mazzinor" file="monsters/supercharged_mazzinor.xml" />
	<monster name="Superior Death Minion" file="monsters/superior_death_minion.xml" />
	<monster name="Svoren The Mad" file="monsters/svoren_the_mad.xml" />
	<monster name="Swamp Troll" file="monsters/swamp_troll.xml" />
	<monster name="Swampling" file="monsters/swampling.xml" />
	<monster name="Swan Maiden" file="monsters/swan_maiden.xml" />
	<monster name="Swarmer Hatchling" file="monsters/swarmer_hatchling.xml" />
	<monster name="Swarmer" file="monsters/swarmer.xml" />
	<monster name="Sword Of Vengeance" file="monsters/sword_of_vengeance.xml" />
	<monster name="Tainted Soul" file="monsters/tainted_soul.xml" />
	<monster name="Tanjis" file="monsters/tanjis.xml" />
	<monster name="Tarantula" file="monsters/tarantula.xml" />
	<monster name="Tarbaz" file="monsters/tarbaz.xml" />
	<monster name="Tarnished Spirit" file="monsters/tarnished_spirit.xml" />
	<monster name="Tazhadur" file="monsters/tazhadur.xml" />
	<monster name="Teleskor" file="monsters/teleskor.xml" />
	<monster name="Tentacle Of The Deep Terror" file="monsters/tentacle_of_the_deep_terror.xml" />
	<monster name="Terofar" file="monsters/terofar.xml" />
	<monster name="Terramite" file="monsters/terramite.xml" />
	<monster name="Terrified Elephant" file="monsters/terrified_elephant.xml" />
	<monster name="Terror Bird" file="monsters/terror_bird.xml" />
	<monster name="Terrorsleep" file="monsters/terrorsleep.xml" />
	<monster name="Thalas" file="monsters/thalas.xml" />
	<monster name="Thawing Dragon Lord" file="monsters/thawing_dragon_lord.xml" />
	<monster name="The Abomination" file="monsters/the_abomination.xml" />
	<monster name="The Armored Voidborn" file="monsters/the_armored_voidborn.xml" />
	<monster name="The Astral Source" file="monsters/the_astral_source.xml" />
	<monster name="The Axeorcist" file="monsters/the_axeorcist.xml" />
	<monster name="The Baron From Below" file="monsters/the_baron_from_below.xml" />
	<monster name="The Big Bad One" file="monsters/the_big_bad_one.xml" />
	<monster name="The Blazing Rose" file="monsters/the_blazing_rose.xml" />
	<monster name="The Blazing Time Guardian" file="monsters/the_blazing_time_guardian.xml" />
	<monster name="The Blightfather" file="monsters/the_blightfather.xml" />
	<monster name="The Bloodtusk" file="monsters/the_bloodtusk.xml" />
	<monster name="The Bloodweb" file="monsters/the_bloodweb.xml" />
	<monster name="The Book Of Death" file="monsters/the_book_of_death.xml" />
	<monster name="The Book Of Secrets" file="monsters/the_book_of_secrets.xml" />
	<monster name="The Collector" file="monsters/the_collector.xml" />
	<monster name="The Corruptor Of Souls" file="monsters/the_corruptor_of_souls.xml" />
	<monster name="The Count Of The Core" file="monsters/the_count_of_the_core.xml" />
	<monster name="The Count" file="monsters/the_count.xml" />
	<monster name="The Dark Dancer" file="monsters/the_dark_dancer.xml" />
	<monster name="The Devourer Of Secrets" file="monsters/the_devourer_of_secrets.xml" />
	<monster name="The Diamond Blossom" file="monsters/the_diamond_blossom.xml" />
	<monster name="The Distorted Astral Source" file="monsters/the_distorted_astral_source.xml" />
	<monster name="The Dreadorian" file="monsters/the_dreadorian.xml" />
	<monster name="The Duke Of The Depths" file="monsters/the_duke_of_the_depths.xml" />
	<monster name="The Enraged Thorn Knight" file="monsters/the_enraged_thorn_knight.xml" />
	<monster name="The Evil Eye" file="monsters/the_evil_eye.xml" />
	<monster name="The False God" file="monsters/the_false_god.xml" />
	<monster name="The Fettered Shatterer" file="monsters/the_fettered_shatterer.xml" />
	<monster name="The Fire Empowered Duke" file="monsters/the_fire_empowered_duke.xml" />
	<monster name="The First Dragon" file="monsters/the_first_dragon.xml" />
	<monster name="The Flaming Orchid" file="monsters/the_flaming_orchid.xml" />
	<monster name="The Freezing Time Guardian" file="monsters/the_freezing_time_guardian.xml" />
	<monster name="The Frog Prince" file="monsters/the_frog_prince.xml" />
	<monster name="The Hag" file="monsters/the_hag.xml" />
	<monster name="The Hairy One" file="monsters/the_hairy_one.xml" />
	<monster name="The Halloween Hare" file="monsters/the_halloween_hare.xml" />
	<monster name="The Handmaiden" file="monsters/the_handmaiden.xml" />
	<monster name="The Horned Fox" file="monsters/the_horned_fox.xml" />
	<monster name="The Hungry Baron From Below" file="monsters/the_hungry_baron_from_below.xml" />
	<monster name="The Imperor" file="monsters/the_imperor.xml" />
	<monster name="The Last Lore Keeper" file="monsters/the_last_lore_keeper.xml" />
	<monster name="The Lily Of Night" file="monsters/the_lily_of_night.xml" />
	<monster name="The Lord Of The Lice" file="monsters/the_lord_of_the_lice.xml" />
	<monster name="The Many" file="monsters/the_many.xml" />
	<monster name="The Masked Marauder" file="monsters/the_masked_marauder.xml" />
	<monster name="The Noxious Spawn" file="monsters/the_noxious_spawn.xml" />
	<monster name="The Obliverator" file="monsters/the_obliverator.xml" />
	<monster name="The Old Whopper" file="monsters/the_old_whopper.xml" />
	<monster name="The Old Widow" file="monsters/the_old_widow.xml" />
	<monster name="The Pale Count" file="monsters/the_pale_count.xml" />
	<monster name="The Pit Lord" file="monsters/the_pit_lord.xml" />
	<monster name="The Plasmother" file="monsters/the_plasmother.xml" />
	<monster name="The Ravager" file="monsters/the_ravager.xml" />
	<monster name="The Remorseless Corruptor" file="monsters/the_remorseless_corruptor.xml" />
	<monster name="The Ruthless Herald" file="monsters/the_ruthless_herald.xml" />
	<monster name="The Sandking" file="monsters/the_sandking.xml" />
	<monster name="The Scion Of Havoc" file="monsters/the_scion_of_havoc.xml" />
	<monster name="The Scourge Of Oblivion" file="monsters/the_scourge_of_oblivion.xml" />
	<monster name="The Shatterer" file="monsters/the_shatterer.xml" />
	<monster name="The Shielded Thorn Knight" file="monsters/the_shielded_thorn_knight.xml" />
	<monster name="The Sinister Hermit Blue" file="monsters/the_sinister_hermit_blue.xml" />
	<monster name="The Sinister Hermit Yellow" file="monsters/the_sinister_hermit_yellow.xml" />
	<monster name="The Snapper" file="monsters/the_snapper.xml" />
	<monster name="The Souldespoiler" file="monsters/the_souldespoiler.xml" />
	<monster name="The Source Of Corruption" file="monsters/the_source_of_corruption.xml" />
	<monster name="The Spellstealer" file="monsters/the_spellstealer.xml" />
	<monster name="The Time Guardian" file="monsters/the_time_guardian.xml" />
	<monster name="The Unarmored Voidborn" file="monsters/the_unarmored_voidborn.xml" />
	<monster name="The Voice Of Ruin" file="monsters/the_voice_of_ruin.xml" />
	<monster name="The Weakened Count" file="monsters/the_weakened_count.xml" />
	<monster name="Thief" file="monsters/thief.xml" />
	<monster name="Thorn Minion" file="monsters/thorn_minion.xml" />
	<monster name="Thornback Tortoise" file="monsters/thornback_tortoise.xml" />
	<monster name="Thornfire Wolf" file="monsters/thornfire_wolf.xml" />
	<monster name="Thul" file="monsters/thul.xml" />
	<monster name="Tiger" file="monsters/tiger.xml" />
	<monster name="Time Keeper" file="monsters/time_keeper.xml" />
	<monster name="Time Waster" file="monsters/time_waster.xml" />
	<monster name="Tiquandas Revenge" file="monsters/tiquandas_revenge.xml" />
	<monster name="Tirecz" file="monsters/tirecz.xml" />
	<monster name="Toad" file="monsters/toad.xml" />
	<monster name="Tomb Servant" file="monsters/tomb_servant.xml" />
	<monster name="Tormented Ghost" file="monsters/tormented_ghost.xml" />
	<monster name="Tortoise" file="monsters/tortoise.xml" />
	<monster name="Tremor Worm" file="monsters/tremor_worm.xml" />
	<monster name="Tremorak" file="monsters/tremorak.xml" />
	<monster name="Troll Champion" file="monsters/troll_champion.xml" />
	<monster name="Troll Guard" file="monsters/troll_guard.xml" />
	<monster name="Troll Legionnaire" file="monsters/troll_legionnaire.xml" />
	<monster name="Troll" file="monsters/troll.xml" />
	<monster name="True Dawnfire Asura" file="monsters/true_dawnfire_asura.xml" />
	<monster name="True Frost Flower Asura" file="monsters/true_frost_flower_asura.xml" />
	<monster name="True Midnight Asura" file="monsters/true_midnight_asura.xml" />
	<monster name="Tunnel Tyrant" file="monsters/tunnel_tyrant.xml" />
	<monster name="Twisted Pooka" file="monsters/twisted_pooka.xml" />
	<monster name="Twisted Shaper" file="monsters/twisted_shaper.xml" />
	<monster name="Tzumrah The Dazzler" file="monsters/tzumrah_the_dazzler.xml" />
	<monster name="Ugly Monster" file="monsters/ugly_monster.xml" />
	<monster name="Unbeatable Dragon" file="monsters/unbeatable_dragon.xml" />
	<monster name="Unbound Blightwalker" file="monsters/unbound_blightwalker.xml" />
	<monster name="Unbound Defiler" file="monsters/unbound_defiler.xml" />
	<monster name="Unbound Demon Outcast" file="monsters/unbound_demon_outcast.xml" />
	<monster name="Unbound Demon" file="monsters/unbound_demon.xml" />
	<monster name="Undead Cavebear" file="monsters/undead_cavebear.xml" />
	<monster name="Undead Dragon" file="monsters/undead_dragon.xml" />
	<monster name="Undead Elite Gladiator" file="monsters/undead_elite_gladiator.xml" />
	<monster name="Undead Gladiator" file="monsters/undead_gladiator.xml" />
	<monster name="Undead Jester" file="monsters/undead_jester.xml" />
	<monster name="Undead Mine Worker" file="monsters/undead_mine_worker.xml" />
	<monster name="Undead Minion" file="monsters/undead_minion.xml" />
	<monster name="Undead Prospector" file="monsters/undead_prospector.xml" />
	<monster name="Ungreez" file="monsters/ungreez.xml" />
	<monster name="Unstable Tunnel" file="monsters/unstable_tunnel.xml" />
	<monster name="Urmahlullu The Immaculate" file="monsters/urmahlullu_the_immaculate.xml" />
	<monster name="Urmahlullu The Tamed" file="monsters/urmahlullu_the_tamed.xml" />
	<monster name="Urmahlullu The Weakened" file="monsters/urmahlullu_the_weakened.xml" />
	<monster name="Ushuriel" file="monsters/ushuriel.xml" />
	<monster name="Valkyrie" file="monsters/valkyrie.xml" />
	<monster name="Vampire Bride" file="monsters/vampire_bride.xml" />
	<monster name="Vampire Pig" file="monsters/vampire_pig.xml" />
	<monster name="Vampire Viscount" file="monsters/vampire_viscount.xml" />
	<monster name="Vampire" file="monsters/vampire.xml" />
	<monster name="Vampiric Blood" file="monsters/vampiric_blood.xml" />
	<monster name="Vashresamun" file="monsters/vashresamun.xml" />
	<monster name="Vermin Swarm" file="monsters/vermin_swarm.xml" />
	<monster name="Verminor" file="monsters/verminor.xml" />
	<monster name="Versperoth" file="monsters/versperoth.xml" />
	<monster name="Vexclaw" file="monsters/vexclaw.xml" />
	<monster name="Vicious Manbat" file="monsters/vicious_manbat.xml" />
	<monster name="Vicious Squire" file="monsters/vicious_squire.xml" />
	<monster name="Vile Grandmaster" file="monsters/vile_grandmaster.xml" />
	<monster name="Voidshard" file="monsters/voidshard.xml" />
	<monster name="Vulcongra" file="monsters/vulcongra.xml" />
	<monster name="Wailing Widow" file="monsters/wailing_widow.xml" />
	<monster name="Walker" file="monsters/walker.xml" />
	<monster name="War Golem" file="monsters/war_golem.xml" />
	<monster name="War Servant" file="monsters/war_servant.xml" />
	<monster name="War Wolf" file="monsters/war_wolf.xml" />
	<monster name="Warlock" file="monsters/warlock.xml" />
	<monster name="Warlord Ruzad" file="monsters/warlord_ruzad.xml" />
	<monster name="Wasp" file="monsters/wasp.xml" />
	<monster name="Waspoid" file="monsters/waspoid.xml" />
	<monster name="Water Buffalo" file="monsters/water_buffalo.xml" />
	<monster name="Water Elemental" file="monsters/water_elemental.xml" />
	<monster name="Weakened Frazzlemaw" file="monsters/weakened_frazzlemaw.xml" />
	<monster name="Weakened Glooth Horror" file="monsters/weakened_glooth_horror.xml" />
	<monster name="Webster" file="monsters/webster.xml" />
	<monster name="Weeper" file="monsters/weeper.xml" />
	<monster name="Werebadger" file="monsters/werebadger.xml" />
	<monster name="Werebear" file="monsters/werebear.xml" />
	<monster name="Wereboar" file="monsters/wereboar.xml" />
	<monster name="Werefox" file="monsters/werefox.xml" />
	<monster name="Werewolf" file="monsters/werewolf.xml" />
	<monster name="White Deer" file="monsters/white_deer.xml" />
	<monster name="White Shade" file="monsters/white_shade.xml" />
	<monster name="Wiggler" file="monsters/wiggler.xml" />
	<monster name="Wild Dog" file="monsters/wild_dog.xml" />
	<monster name="Wild Fire Magic" file="monsters/wild_fire_magic.xml" />
	<monster name="Wild Fury Magic" file="monsters/wild_fury_magic.xml" />
	<monster name="Wild Horse" file="monsters/wild_horse.xml" />
	<monster name="Wild Knowledge" file="monsters/wild_knowledge.xml" />
	<monster name="Wild Nature Magic" file="monsters/wild_nature_magic.xml" />
	<monster name="Wild Warrior" file="monsters/wild_warrior.xml" />
	<monster name="Wild Water Magic" file="monsters/wild_water_magic.xml" />
	<monster name="Wildness Of Urmahlullu" file="monsters/wildness_of_urmahlullu.xml" />
	<monster name="Wilting Leaf Golem" file="monsters/wilting_leaf_golem.xml" />
	<monster name="Winter Wolf" file="monsters/winter_wolf.xml" />
	<monster name="Wisdom Of Urmahlullu" file="monsters/wisdom_of_urmahlullu.xml" />
	<monster name="Wisp" file="monsters/wisp.xml" />
	<monster name="Witch" file="monsters/witch.xml" />
	<monster name="Wolf" file="monsters/wolf.xml" />
	<monster name="Worker Golem" file="monsters/worker_golem.xml" />
	<monster name="World Bug" file="monsters/world_bug.xml" />
	<monster name="Worm Priestess" file="monsters/worm_priestess.xml" />
	<monster name="Wrath Of The Emperor" file="monsters/wrath_of_the_emperor.xml" />
	<monster name="Wyrm" file="monsters/wyrm.xml" />
	<monster name="Wyvern" file="monsters/wyvern.xml" />
	<monster name="Xenia" file="monsters/xenia.xml" />
	<monster name="Xogixath" file="monsters/xogixath.xml" />
	<monster name="Yaga The Crone" file="monsters/yaga_the_crone.xml" />
	<monster name="Yakchal" file="monsters/yakchal.xml" />
	<monster name="Yalahari Despoiler" file="monsters/yalahari_despoiler.xml" />
	<monster name="Yalahari" file="monsters/yalahari.xml" />
	<monster name="Yellow Butterfly" file="monsters/yellow_butterfly.xml" />
	<monster name="Yeti" file="monsters/yeti.xml" />
	<monster name="Yielothax" file="monsters/yielothax.xml" />
	<monster name="Young Goanna" file="monsters/young_goanna.xml" />
	<monster name="Young Sea Serpent" file="monsters/young_sea_serpent.xml" />
	<monster name="Young Troll" file="monsters/young_troll.xml" />
	<monster name="Zamulosh" file="monsters/zamulosh.xml" />
	<monster name="Zarabustor" file="monsters/zarabustor.xml" />
	<monster name="Zarcorix Of Yalahar" file="monsters/zarcorix_of_yalahar.xml" />
	<monster name="Zavarash" file="monsters/zavarash.xml" />
	<monster name="Zevelon Duskbringer" file="monsters/zevelon_duskbringer.xml" />
	<monster name="Zomba" file="monsters/zomba.xml" />
	<monster name="Zombie" file="monsters/zombie.xml" />
	<monster name="Zoralurk" file="monsters/zoralurk.xml" />
	<monster name="Zorvorax" file="monsters/zorvorax.xml" />
	<monster name="Zugurosh" file="monsters/zugurosh.xml" />
	<monster name="Zulazza The Corruptor" file="monsters/zulazza_the_corruptor.xml" />
	<monster name="Zushuka" file="monsters/zushuka.xml" />
</monsters>
