<?xml version="1.0" encoding="UTF-8"?>
<monster name="Aggressive Lava" nameDescription="an aggressive lava" race="undead" experience="0" speed="150">
	<health now="5000" max="5000" />
	<look type="614" corpse="0" />
	<targetchange interval="2000" chance="5" />
	<flags>
		<flag pushable="0" />
		<flag canpushitems="0" />
		<flag canpushcreatures="0" />
		<flag staticattack="90" />
		<flag targetdistance="1" />
		<flag canwalkonenergy="0" />
		<flag canwalkonfire="1" />
		<flag canwalkonpoison="0" />
	</flags>
	<attacks>
		<attack name="melee" interval="2000" min="0" max="-450" />
		<attack name="aggresive lava bomb" interval="2000" chance="30" min="0" max="-650" />
	</attacks>
	<immunities>
		<immunity drunk="1" />
	</immunities>
	<elements>
		<element firePercent="100" />
	</elements>
	<defenses armor="30" defense="30" />
</monster>
