<?xml version="1.0" encoding="UTF-8"?>
<monster name="Amarie" nameDescription="Amarie" race="blood" experience="42" speed="190">
	<health now="100" max="100" />
	<look type="159" head="70" body="16" legs="9" feet="116" corpse="20593" />
	<targetchange interval="4000" chance="0" />
	<flags>
		<flag summonable="0" />
		<flag attackable="1" />
		<flag hostile="1" />
		<flag illusionable="0" />
		<flag convinceable="0" />
		<flag pushable="1" />
		<flag canpushitems="0" />
		<flag canpushcreatures="0" />
		<flag targetdistance="1" />
		<flag staticattack="90" />
		<flag runonhealth="0" />
		<flag canwalkonenergy="0" />
		<flag canwalkonfire="0" />
		<flag canwalkonpoison="0" />
	</flags>
	<attacks>
		<attack name="melee" interval="2000" min="0" max="-15" />
		<attack name="physical" interval="2000" chance="10" range="7" min="0" max="-25">
			<attribute key="shootEffect" value="arrow" />
		</attack>
	</attacks>
	<defenses armor="10" defense="10" />
	<immunities>
		<immunity invisible="1" />
	</immunities>
	<voices interval="5000" chance="10">
		<voice sentence="Aaaaah! Let me out of here!!" />
		<voice sentence="Help! Where am I?" />
		<voice sentence="Noooo! What are you doing?" />
		<voice sentence="Ulathil beia Thratha!" />
		<voice sentence="What is this devilish scheme??" />
	</voices>
</monster>
