<?xml version="1.0" encoding="UTF-8"?>
<monster name="Angry Plant" nameDescription="an angry plant" race="venom" experience="150" speed="110">
	<health now="10000" max="10000" />
	<look type="120" corpse="0" />
	<targetchange interval="2000" chance="5" />
	<flags>
		<flag attackable="1" />
		<flag hostile="1" />
		<flag summonable="0" />
		<flag convinceable="0" />
		<flag illusionable="0" />
		<flag isboss="0" />
		<flag ignorespawnblock="0" />
		<flag pushable="0" />
		<flag canpushitems="1" />
		<flag canpushcreatures="1" />
		<flag staticattack="90" />
		<flag targetdistance="1" />
		<flag canwalkonenergy="0" />
		<flag canwalkonfire="0" />
		<flag canwalkonpoison="0" />
	</flags>
	<attacks>
		<attack name="melee" interval="2000" min="0" max="-100" poison="100" />
		<attack name="earth" interval="2000" chance="15" range="7" min="-60" max="-95">
			<attribute key="shootEffect" value="poison" />
			<attribute key="areaEffect" value="greenbubble" />
		</attack>
		<attack name="speed" interval="2000" chance="15" range="7" speedchange="-800" duration="30000">
			<attribute key="shootEffect" value="poison" />
			<attribute key="areaEffect" value="greenbubble" />
		</attack>
		<attack name="earth" interval="2000" chance="10" radius="3" target="0" min="-40" max="-130">
			<attribute key="areaEffect" value="poison" />
		</attack>
	</attacks>
	<defenses armor="22" defense="22" />
	<immunities>
		<immunity paralyze="1" />
		<immunity invisible="1" />
		<immunity earth="1" />
	</immunities>
</monster>
