<?xml version="1.0" encoding="UTF-8"?>
<monster name="Animated Skunk" nameDescription="an animated skunk" race="blood" experience="3" speed="120">
	<health now="20" max="20" />
	<look type="106" corpse="6035" />
	<targetchange interval="2000" chance="5" />
	<flags>
		<flag pushable="0" />
		<flag canpushitems="0" />
		<flag canpushcreatures="0" />
		<flag staticattack="90" />
		<flag targetdistance="1" />
		<flag canwalkonenergy="0" />
		<flag canwalkonfire="0" />
		<flag canwalkonpoison="0" />
	</flags>
	<attacks>
		<attack name="melee" interval="2000" min="0" max="-5" />
		<attack name="earth" interval="2000" chance="10" range="1" target="1" min="-1" max="-3" />
	</attacks>
	<defenses armor="30" defense="30" />
	<immunities>
		<immunity paralyze="1" />
		<immunity invisible="1" />
		<immunity drunk="1" />
	</immunities>
	<loot>
		<item id="9114" name="bulb of garlic" chance="4959" />
	</loot>
</monster>
