<?xml version="1.0" encoding="UTF-8"?>
<monster name="Animated Cyclops" nameDescription="an animated cyclops" race="blood" experience="150" speed="190">
	<health now="260" max="260" />
	<look type="22" corpse="5962" />
	<targetchange interval="2000" chance="5" />
	<flags>
		<flag pushable="0" />
		<flag canpushitems="0" />
		<flag canpushcreatures="0" />
		<flag staticattack="90" />
		<flag targetdistance="1" />
		<flag canwalkonenergy="0" />
		<flag canwalkonfire="0" />
		<flag canwalkonpoison="0" />
	</flags>
	<attacks>
		<attack name="melee" interval="2000" min="0" max="-105" />
	</attacks>
	<defenses armor="30" defense="30" />
	<immunities>
		<immunity paralyze="1" />
		<immunity invisible="1" />
		<immunity drunk="1" />
	</immunities>
	<loot>
		<item id="2148" name="gold coin" chance="85294" countmax="45" />
		<item id="2666" name="meat" chance="26471" />
		<item id="26642" name="heavy old tome" chance="8824" />
		<item id="2406" name="short sword" chance="2941" />
	</loot>
</monster>
