<?xml version="1.0" encoding="UTF-8"?>
<monster name="Animated Sword" nameDescription="an animated sword" race="fire" experience="0" speed="360">
	<health now="10000" max="10000" />
	<look typeex="26883" corpse="0" />
	<targetchange interval="2000" chance="5" />
	<flags>
		<flag attackable="1" />
		<flag hostile="1" />
		<flag summonable="0" />
		<flag convinceable="0" />
		<flag illusionable="0" />
		<flag isboss="0" />
		<flag ignorespawnblock="0" />
		<flag pushable="0" />
		<flag canpushitems="0" />
		<flag canpushcreatures="0" />
		<flag staticattack="90" />
		<flag targetdistance="1" />
		<flag canwalkonenergy="0" />
		<flag canwalkonfire="0" />
		<flag canwalkonpoison="0" />
	</flags>
	<attacks>
		<attack name="melee" interval="2000" min="0" max="-242" />
		<attack name="manadrain" interval="2000" chance="20" radius="6" min="-40" max="-160">
			<attribute key="areaEffect" value="blueshimmer" />
		</attack>
		<attack name="berserk" interval="2000" chance="15" min="-40" max="-160" />
		<attack name="energy" interval="2000" chance="15" length="4" spread="0" min="-40" max="-100">
			<attribute key="areaEffect" value="energy" />
		</attack>
	</attacks>
	<defenses armor="10" defense="5">
		<defense name="healing" interval="2000" chance="20" min="5" max="150" />
	</defenses>
	<immunities>
		<immunity lifedrain="1" />
		<immunity invisible="1" />
		<immunity paralyze="1" />
		<immunity drunk="1" />
	</immunities>
</monster>
