<?xml version="1.0" encoding="UTF-8"?>
<monster name="Bandit" nameDescription="a bandit" race="blood" experience="65" speed="180" manacost="450" raceId="223">
	<health now="245" max="245" />
	<look type="129" head="58" body="40" legs="24" feet="95" corpse="20331" />
	<targetchange interval="5000" chance="10" />
	<flags>
		<flag summonable="1" />
		<flag attackable="1" />
		<flag hostile="1" />
		<flag illusionable="1" />
		<flag convinceable="1" />
		<flag pushable="1" />
		<flag canpushitems="1" />
		<flag canpushcreatures="0" />
		<flag targetdistance="1" />
		<flag staticattack="90" />
		<flag runonhealth="25" />
		<flag canwalkonenergy="0" />
		<flag canwalkonfire="0" />
		<flag canwalkonpoison="0" />
	</flags>
	<bestiary class="Human" prowess="25" expertise="250" mastery="500" charmPoints="30" difficulty="easy" occurrence="common" locations="Bandit Locations..." />
	<attacks>
		<attack name="melee" interval="2000" min="0" max="-45" />
	</attacks>
	<defenses armor="11" defense="11" />
	<elements>
		<element physicalPercent="-10" />
		<element deathPercent="-5" />
	</elements>
	<voices interval="5000" chance="10">
		<voice sentence="Your money or your life!" />
		<voice sentence="Hand me your purse!" />
	</voices>
	<loot>
		<item id="2148" name="gold coin" chance="48956" countmax="30" />
		<item id="2386" name="axe" chance="29905" />
		<item id="2511" name="brass shield" chance="16794" />
		<item id="2649" name="leather legs" chance="14967" />
		<item id="2398" name="mace" chance="10342" />
		<item id="2685" name="tomato" chance="7692" countmax="2" />
		<item id="2458" name="chain helmet" chance="4956" />
		<item id="2465" name="brass armor" chance="2376" />
		<item id="2459" name="iron helmet" chance="544" />
	</loot>
</monster>
