<?xml version="1.0" encoding="UTF-8"?>
<monster name="Barbarian Bloodwalker" nameDescription="a barbarian bloodwalker" race="blood" experience="195" speed="236" manacost="590" raceId="323">
	<health now="305" max="305" />
	<look type="255" head="114" body="113" legs="132" feet="94" corpse="20335" />
	<targetchange interval="4000" chance="10" />
	<flags>
		<flag summonable="0" />
		<flag attackable="1" />
		<flag hostile="1" />
		<flag illusionable="1" />
		<flag convinceable="1" />
		<flag pushable="0" />
		<flag canpushitems="1" />
		<flag staticattack="80" />
		<flag targetdistance="1" />
		<flag runonhealth="0" />
		<flag canwalkonenergy="0" />
		<flag canwalkonfire="0" />
		<flag canwalkonpoison="0" />
	</flags>
	<bestiary class="Human" prowess="50" expertise="500" mastery="1000" charmPoints="50" difficulty="medium" occurrence="common" locations="Barbarian Bloodwalker Locations..." />
	<attacks>
		<attack name="melee" interval="2000" min="0" max="-240" />
	</attacks>
	<defenses armor="9" defense="9">
		<defense name="speed" interval="2000" chance="15" speedchange="240" duration="5000">
			<attribute key="areaEffect" value="redshimmer" />
		</defense>
	</defenses>
	<elements>
		<element physicalPercent="10" />
		<element energyPercent="10" />
		<element earthPercent="-5" />
		<element icePercent="50" />
		<element holyPercent="20" />
		<element deathPercent="-10" />
	</elements>
	<voices interval="5000" chance="10">
		<voice sentence="YAAAHEEE!" />
		<voice sentence="SLAUGHTER!" />
		<voice sentence="CARNAGE!" />
		<voice sentence="You can run but you can't hide" />
	</voices>
	<loot>
		<item id="2148" name="gold coin" chance="55130" countmax="12" />
		<item id="2458" name="chain helmet" chance="10639" />
		<item id="2464" name="chain armor" chance="10270" />
		<item id="2044" name="lamp" chance="8135" />
		<item id="2381" name="halberd" chance="7013" />
		<item id="2378" name="battle axe" chance="5934" />
		<item id="2671" name="ham" chance="4955" />
		<item id="7618" name="health potion" chance="950" />
		<item id="5911" name="red piece of cloth" chance="504" />
		<item id="3962" name="beastslayer axe" chance="350" />
		<item id="7290" name="shard" chance="317" />
		<item id="7457" name="fur boots" chance="86" />
	</loot>
</monster>
