<?xml version="1.0" encoding="UTF-8"?>
<monster name="Barbarian Headsplitter" nameDescription="a barbarian headsplitter" race="blood" experience="85" speed="168" manacost="450" raceId="333">
	<health now="100" max="100" />
	<look type="253" head="115" body="86" legs="119" feet="113" corpse="20343" />
	<targetchange interval="60000" chance="0" />
	<flags>
		<flag summonable="0" />
		<flag attackable="1" />
		<flag hostile="1" />
		<flag illusionable="0" />
		<flag convinceable="1" />
		<flag pushable="0" />
		<flag canpushitems="1" />
		<flag staticattack="70" />
		<flag targetdistance="1" />
		<flag runonhealth="0" />
		<flag canwalkonenergy="0" />
		<flag canwalkonfire="0" />
		<flag canwalkonpoison="0" />
	</flags>
	<bestiary class="Human" prowess="25" expertise="250" mastery="500" charmPoints="30" difficulty="easy" occurrence="common" locations="Barbarian Headsplitter Locations..." />
	<attacks>
		<attack name="melee" interval="2000" min="0" max="-50" />
		<attack name="physical" interval="2000" chance="15" range="7" radius="1" target="1" min="0" max="-60">
			<attribute key="shootEffect" value="whirlwindaxe" />
		</attack>
	</attacks>
	<defenses armor="7" defense="7" />
	<elements>
		<element energyPercent="20" />
		<element earthPercent="-10" />
		<element icePercent="50" />
		<element holyPercent="20" />
		<element deathPercent="-10" />
	</elements>
	<immunities>
		<immunity paralyze="1" />
		<immunity drunk="1" />
	</immunities>
	<voices interval="5000" chance="10">
		<voice sentence="I will regain my honor with your blood!" />
		<voice sentence="Surrender is not option!" />
		<voice sentence="Its you or me!" />
		<voice sentence="Die! Die! Die!" />
	</voices>
	<loot>
		<item id="2148" name="gold coin" chance="75228" countmax="30" />
		<item id="2050" name="torch" chance="59812" />
		<item id="2460" name="brass helmet" chance="20170" />
		<item id="2403" name="knife" chance="14928" />
		<item id="2473" name="viking helmet" chance="4960" />
		<item id="2483" name="scale armor" chance="4046" />
		<item id="2229" name="skull (item)" chance="3194" />
		<item id="5913" name="brown piece of cloth" chance="968" />
		<item id="7618" name="health potion" chance="531" />
		<item id="2168" name="life ring" chance="228" />
		<item id="7461" name="krimhorn helmet" chance="112" />
		<item id="7457" name="fur boots" chance="87" />
	</loot>
</monster>
