<?xml version="1.0" encoding="UTF-8"?>
<monster name="Bat" namedescription="a bat" race="blood" experience="10" speed="200" manacost="250" raceId="122">
	<health now="30" max="30" />
	<look type="122" corpse="6053" />
	<targetchange interval="4000" chance="0" />
	<flags>
		<flag summonable="1" />
		<flag attackable="1" />
		<flag hostile="1" />
		<flag illusionable="1" />
		<flag convinceable="1" />
		<flag pushable="1" />
		<flag canpushitems="0" />
		<flag canpushcreatures="0" />
		<flag targetdistance="1" />
		<flag staticattack="90" />
		<flag runonhealth="3" />
		<flag canwalkonenergy="0" />
		<flag canwalkonfire="0" />
		<flag canwalkonpoison="0" />
	</flags>
	<bestiary class="Mammal" prowess="10" expertise="100" mastery="250" charmPoints="10" difficulty="trivial" occurrence="common" locations="Bat Locations..." />
	<attacks>
		<attack name="melee" interval="2000" min="0" max="-8" />
	</attacks>
	<defenses armor="1" defense="1" />
	<elements>
		<element earthPercent="-10" />
	</elements>
	<voices interval="5000" chance="10">
		<voice sentence="Flap! Flap!" />
	</voices>
	<loot>
		<item name="bat wing" chance="1000" />
	</loot>
</monster>
