<?xml version="1.0" encoding="UTF-8"?>
<monster name="Battlemaster Zunzu" nameDescription="Battlemaster Zunzu" race="blood" experience="2500" speed="420">
	<health now="4000" max="4000" />
	<look type="343" corpse="11281" />
	<targetchange interval="5000" chance="8" />
	<flags>
		<flag summonable="0" />
		<flag attackable="1" />
		<flag hostile="1" />
		<flag illusionable="1" />
		<flag convinceable="0" />
		<flag pushable="0" />
		<flag canpushitems="1" />
		<flag canpushcreatures="0" />
		<flag targetdistance="1" />
		<flag staticattack="90" />
		<flag runonhealth="150" />
		<flag isboss="1" />
	</flags>
	<attacks>
		<attack name="melee" interval="2000" min="0" max="-300" />
		<attack name="earth" interval="2000" chance="25" range="1" radius="1" target="1" min="-115" max="-350">
			<attribute key="areaEffect" value="poison" />
		</attack>
	</attacks>
	<defenses armor="45" defense="35">
		<defense name="healing" interval="1000" chance="18" min="200" max="400">
			<attribute key="areaEffect" value="blueshimmer" />
		</defense>
	</defenses>
	<elements>
		<element physicalPercent="15" />
		<element deathPercent="10" />
		<element firePercent="25" />
		<element energyPercent="20" />
		<element icePercent="15" />
	</elements>
	<immunities>
		<immunity earth="1" />
		<immunity invisible="1" />
	</immunities>
	<loot>
		<item name="platinum coin" countmax="3" chance="26800" />
		<item name="lizard leather" chance="1825" />
		<item name="lizard scale" chance="800" />
		<item name="strong health potion" countmax="2" chance="2875" />
		<item name="great health potion" countmax="2" chance="2775" />
		<item name="red lantern" chance="100000" />
		<item name="Zaoan armor" chance="1050" />
		<item name="Zaoan shoes" chance="3150" />
		<item name="Zaoan legs" chance="2625" />
		<item name="zaogun flag" chance="11250" />
		<item name="zaogun shoulderplates" chance="100000" />
	</loot>
</monster>
