<?xml version="1.0" encoding="UTF-8"?>
<monster name="Behemoth" nameDescription="a behemoth" race="blood" experience="2500" speed="340" raceId="55">
	<health now="4000" max="4000" />
	<look type="55" corpse="5999" />
	<targetchange interval="4000" chance="10" />
	<flags>
		<flag summonable="0" />
		<flag attackable="1" />
		<flag hostile="1" />
		<flag illusionable="0" />
		<flag convinceable="0" />
		<flag pushable="0" />
		<flag canpushitems="1" />
		<flag canpushcreatures="1" />
		<flag targetdistance="1" />
		<flag staticattack="70" />
		<flag runonhealth="0" />
		<flag canwalkonenergy="0" />
	</flags>
	<bestiary class="Giant" prowess="50" expertise="500" mastery="1000" charmPoints="50" difficulty="medium" occurrence="common" locations="Behemoth Locations..." />
	<attacks>
		<attack name="melee" interval="2000" min="0" max="-455" />
		<attack name="physical" interval="2000" chance="15" range="7" min="0" max="-200">
			<attribute key="shootEffect" value="largerock" />
		</attack>
	</attacks>
	<defenses armor="50" defense="50">
		<defense name="speed" interval="2000" chance="15" speedchange="390" duration="5000">
			<attribute key="areaEffect" value="redshimmer" />
		</defense>
	</defenses>
	<elements>
		<element physicalPercent="10" />
		<element energyPercent="10" />
		<element earthPercent="80" />
		<element firePercent="30" />
		<element icePercent="-10" />
		<element holyPercent="30" />
		<element deathPercent="-5" />
	</elements>
	<immunities>
		<immunity paralyze="1" />
		<immunity invisible="1" />
	</immunities>
	<voices interval="5000" chance="10">
		<voice sentence="You're so little!" />
		<voice sentence="Human flesh - delicious!" />
		<voice sentence="Crush the intruders!" />
	</voices>
	<loot>
		<item id="2148" name="gold coin" chance="100000" countmax="200" />
		<item id="2152" name="platinum coin" chance="60256" countmax="5" />
		<item id="2666" name="meat" chance="29641" />
		<item id="12403" name="battle stone" chance="14968" />
		<item id="2387" name="double axe" chance="10039" />
		<item id="7368" name="assassin star" chance="9988" countmax="5" />
		<item id="2150" name="small amethyst" chance="6054" countmax="5" />
		<item id="2377" name="two handed sword" chance="6019" />
		<item id="7591" name="great health potion" chance="5072" />
		<item id="2489" name="dark armor" chance="4174" />
		<item id="2463" name="plate armor" chance="4110" />
		<item id="2125" name="crystal necklace" chance="2549" />
		<item id="5893" name="perfect behemoth fang" chance="999" />
		<item id="2393" name="giant sword" chance="966" />
		<item id="2174" name="strange symbol" chance="830" />
		<item id="2231" name="big bone" chance="691" />
		<item id="3456" name="pick" chance="619" />
		<item id="5930" name="behemoth claw" chance="469" />
		<item id="2645" name="steel boots" chance="434" />
		<item id="2416" name="crowbar" chance="128" />
		<item id="7396" name="behemoth trophy" chance="114" />
		<item id="2023" name="amphora" chance="97" />
		<item id="7413" name="titan axe" chance="75" />
		<item id="2454" name="war axe" chance="70" />
	</loot>
</monster>
