<?xml version="1.0" encoding="UTF-8"?>
<monster name="Black Cobra" nameDescription="a black cobra" race="blood" experience="0" speed="150">
	<health now="10000" max="10000" />
	<look type="81" corpse="33958" />
	<targetchange interval="2000" chance="5" />
	<flags>
		<flag attackable="1" />
		<flag hostile="1" />
		<flag summonable="0" />
		<flag convinceable="0" />
		<flag illusionable="1" />
		<flag isboss="0" />
		<flag ignorespawnblock="0" />
		<flag pushable="1" />
		<flag canpushitems="0" />
		<flag canpushcreatures="0" />
		<flag staticattack="90" />
		<flag targetdistance="1" />
		<flag canwalkonenergy="0" />
		<flag canwalkonfire="0" />
		<flag canwalkonpoison="0" />
	</flags>
	<attacks>
		<attack name="melee" interval="2000" min="0" max="-150" poison="200" />
		<attack name="poisoncondition" interval="2000" chance="15" range="7" min="-20" max="-40">
			<attribute key="shooteffect" value="poison" />
		</attack>
	</attacks>
	<defenses armor="10" defense="10" />
	<immunities>
		<immunity earth="1" />
		<immunity paralyze="1" />
		<immunity invisible="1" />
	</immunities>
</monster>
