<?xml version="1.0" encoding="UTF-8"?>
<monster name="Bonebeast" nameDescription="a bonebeast" race="undead" experience="580" speed="218" raceId="101">
	<health now="515" max="515" />
	<look type="101" corpse="6030" />
	<targetchange interval="4000" chance="10" />
	<flags>
		<flag summonable="0" />
		<flag attackable="1" />
		<flag hostile="1" />
		<flag illusionable="0" />
		<flag convinceable="0" />
		<flag pushable="0" />
		<flag canpushitems="1" />
		<flag canpushcreatures="1" />
		<flag targetdistance="1" />
		<flag staticattack="90" />
		<flag runonhealth="0" />
		<flag canwalkonenergy="0" />
		<flag canwalkonfire="0" />
	</flags>
	<bestiary class="Undead" prowess="50" expertise="500" mastery="1000" charmPoints="50" difficulty="medium" occurrence="common" locations="Bonebeast Locations..." />
	<attacks>
		<attack name="melee" interval="2000" min="0" max="-200" poison="100" />
		<attack name="earth" interval="2000" chance="15" range="7" min="-50" max="-90">
			<attribute key="shootEffect" value="poison" />
			<attribute key="areaEffect" value="poison" />
		</attack>
		<attack name="lifedrain" interval="2000" chance="10" radius="3" target="0" min="-25" max="-47">
			<attribute key="areaEffect" value="redshimmer" />
		</attack>
		<attack name="poisoncondition" interval="2000" chance="10" radius="3" target="0" min="-50" max="-60">
			<attribute key="areaEffect" value="poison" />
		</attack>
		<attack name="poisoncondition" interval="2000" chance="10" length="6" spread="0" target="0" min="-70" max="-80">
			<attribute key="areaEffect" value="poison" />
		</attack>
		<attack name="speed" interval="2000" chance="15" target="1" speedchange="-600" duration="13000" />
	</attacks>
	<defenses armor="40" defense="40">
		<defense name="healing" interval="2000" chance="15" min="50" max="60">
			<attribute key="areaEffect" value="greenspark" />
		</defense>
	</defenses>
	<elements>
		<element firePercent="-10" />
		<element holyPercent="-25" />
	</elements>
	<immunities>
		<immunity death="1" />
		<immunity earth="1" />
		<immunity drown="1" />
		<immunity lifedrain="1" />
		<immunity paralyze="1" />
		<immunity invisible="1" />
		<immunity drunk="1" />
	</immunities>
	<voices interval="5000" chance="10">
		<voice sentence="Cccchhhhhhhhh!" />
		<voice sentence="Knooorrrrr!" />
	</voices>
	<loot>
		<item id="2230" chance="49750" /><!-- bone -->
		<item name="gold coin" countmax="90" chance="30000" />
		<item id="2229" chance="20000" /><!-- skull -->
		<item name="bony tail" chance="9980" />
		<item name="plate armor" chance="8000" />
		<item name="bone club" chance="4950" />
		<item name="bone shield" chance="2000" />
		<item name="green mushroom" chance="1450" />
		<item name="hardened bone" chance="1000" />
		<item name="health potion" chance="540" />
		<item name="bonebeast trophy" chance="120" />
	</loot>
</monster>
