<?xml version="1.0" encoding="UTF-8"?>
<monster name="Bone Jaw" nameDescription="a bone jaw" race="undead" experience="0" speed="350">
	<health now="4500" max="4500" />
	<look type="384" corpse="0" />
	<targetchange interval="2000" chance="5" />
	<flags>
		<flag pushable="0" />
		<flag canpushitems="1" />
		<flag canpushcreatures="1" />
		<flag staticattack="90" />
		<flag targetdistance="1" />
		<flag canwalkonenergy="1" />
		<flag canwalkonfire="1" />
		<flag canwalkonpoison="1" />
	</flags>
	<attacks>
		<attack name="melee" interval="2000" min="0" max="-200" />
		<attack name="physical" interval="1000" chance="15" range="7" min="0" max="-180">
			<attribute key="shootEffect" value="snowball" />
			<attribute key="areaEffect" value="poff" />
		</attack>
		<attack name="energy" interval="1000" chance="12" length="3" spread="3" min="0" max="-175">
			<attribute key="areaEffect" value="poff" />
		</attack>
	</attacks>
	<defenses armor="30" defense="30" />
	<immunities>
		<immunity paralyze="1" />
		<immunity invisible="1" />
		<immunity drunk="1" />
	</immunities>
	<elements>
		<element energyPercent="20" />
		<element earthPercent="100" />
		<element icePercent="50" />
		<element holyPercent="-15" />
	</elements>
</monster>
