<?xml version="1.0" encoding="UTF-8"?>
<monster name="Boogy" nameDescription="a boogy" race="blood" experience="950" speed="210" raceId="1439">
	<health now="1300" max="1300" />
	<look type="981" corpse="28475" />
	<targetchange interval="2000" chance="5" />
	<flags>
		<flag pushable="0" />
		<flag canpushitems="0" />
		<flag canpushcreatures="0" />
		<flag staticattack="90" />
		<flag targetdistance="1" />
		<flag canwalkonenergy="0" />
		<flag canwalkonfire="0" />
		<flag canwalkonpoison="0" />
	</flags>
	<bestiary class="Fey" prowess="50" expertise="500" mastery="1000" charmPoints="50" difficulty="medium" occurrence="common" locations="Boogy Locations..." />
	<attacks>
		<attack name="melee" interval="2000" min="0" max="-450" />
		<attack name="physical" interval="3000" chance="11" radius="6" target="1" min="-100" max="-300">
			<attribute key="areaEffect" value="redspark" />
			<attribute key="shootEffect" value="whirlwindclub" />
		</attack>
		<attack name="energy" interval="2000" chance="15" range="7" target="1" min="-60" max="-115">
			<attribute key="areaEffect" value="explosionarea" />
			<attribute key="shootEffect" value="largerock" />
		</attack>
	</attacks>
	<defenses armor="35" defense="35">
		<defense name="speed" interval="2000" chance="15" speedchange="450" duration="5000">
			<attribute key="areaEffect" value="redshimmer" />
		</defense>
		<defense name="healing" interval="2000" chance="10" min="0" max="110">
			<attribute key="areaEffect" value="blueshimmer" />
		</defense>
	</defenses>
	<immunities>
		<immunity paralyze="1" />
		<immunity invisible="1" />
		<immunity drunk="1" />
	</immunities>
	<elements>
		<element physicalPercent="10" />
		<element earthPercent="70" />
		<element icePercent="10" />
		<element holyPercent="40" />
		<element deathPercent="20" />
	</elements>
	<voices interval="1000" chance="5">
		<voice sentence="Go to sleep!" />
	</voices>
	<loot>
		<item id="2148" name="gold coin" chance="100000" countmax="193" />
		<item id="28349" name="shimmering beetles" chance="17498" />
		<item id="28350" name="fairy wings" chance="15272" />
		<item id="7588" name="strong health potion" chance="15190" />
		<item id="28391" name="leaf star" chance="7997" countmax="7" />
		<item id="2791" name="wood mushroom" chance="4349" />
		<item id="18420" name="red crystal fragment" chance="3442" countmax="2" />
		<item id="27618" name="prismatic quartz" chance="3277" countmax="2" />
		<item id="2802" name="sling herb" chance="3256" />
		<item id="27046" name="ancient coin" chance="2927" countmax="3" />
		<item id="7887" name="terra amulet" chance="2906" />
		<item id="7761" name="small enchanted emerald" chance="2391" countmax="3" />
		<item id="7439" name="berserk potion" chance="1237" />
		<item id="2418" name="golden sickle" chance="845" />
		<item id="28355" name="wooden spellbook" chance="453" />
		<item id="9980" name="crystal of power" chance="144" />
		<item id="5015" name="mandrake" chance="103" />
	</loot>
</monster>
