<?xml version="1.0" encoding="UTF-8"?>
<monster name="Bragrumol" nameDescription="Bragrumol" race="fire" experience="18000" speed="220">
	<health now="38000" max="38000" />
	<look type="856" corpse="13973" />
	<targetchange interval="2000" chance="5" />
	<flags>
		<flag attackable="1" />
		<flag hostile="1" />
		<flag summonable="0" />
		<flag convinceable="0" />
		<flag illusionable="0" />
		<flag isboss="1" />
		<flag ignorespawnblock="0" />
		<flag pushable="0" />
		<flag canpushitems="1" />
		<flag canpushcreatures="1" />
		<flag staticattack="90" />
		<flag targetdistance="1" />
		<flag canwalkonenergy="1" />
		<flag canwalkonfire="1" />
		<flag canwalkonpoison="1" />
	</flags>
	<attacks>
		<attack name="melee" interval="2000" min="0" max="-600" />
		<attack name="death" interval="2000" chance="18" range="5" min="-300" max="-600">
			<attribute key="shootEffect" value="suddendeath" />
		</attack>
		<attack name="death" interval="2000" chance="22" range="5" radius="4" min="-300" max="-600">
			<attribute key="areaEffect" value="mortarea" />
		</attack>
		<attack name="fire" interval="2000" chance="20" range="5" radius="4" target="1" min="-300" max="-600">
			<attribute key="shootEffect" value="fire" />
			<attribute key="areaEffect" value="firearea" />
		</attack>
		<attack name="death" interval="2000" chance="12" range="5" target="1" length="5" spread="0" min="-300" max="-600">
			<attribute key="areaEffect" value="greychain" />
		</attack>
	</attacks>
	<defenses armor="10" defense="10" />
	<elements>
		<element icePercent="-10" />
		<element deathPercent="50" />
		<element firePercent="30" />
	</elements>
	<immunities>
		<immunity paralyze="1" />
		<immunity invisible="1" />
		<immunity drunk="1" />
	</immunities>
	<loot>
		<item id="2156" name="red gem" chance="85156" />
		<item id="33979" name="sea horse figurine" chance="10938" />
		<item id="33980" name="golden mask" chance="3906" />
	</loot>
</monster>
