<?xml version="1.0" encoding="UTF-8"?>
<monster name="Brokul" nameDescription="Brokul" race="blood" experience="23000" speed="210">
	<health now="50000" max="50000" />
	<look type="1076" corpse="0" />
	<targetchange interval="2000" chance="5" />
	<flags>
		<flag isboss="1" />
		<flag pushable="0" />
		<flag canpushitems="0" />
		<flag canpushcreatures="0" />
		<flag staticattack="90" />
		<flag targetdistance="1" />
		<flag canwalkonenergy="0" />
		<flag canwalkonfire="0" />
		<flag canwalkonpoison="0" />
	</flags>
	<attacks>
		<attack name="melee" interval="2000" min="0" max="-500" />
		<attack name="holy" interval="2000" chance="14" length="8" spread="0" min="-100" max="-700">
			<attribute key="areaEffect" value="mortarea" />
		</attack>
		<attack name="physical" interval="2000" chance="18" radius="4" min="-300" max="-700">
			<attribute key="areaEffect" value="explosionarea" />
		</attack>
		<attack name="fire" interval="2000" chance="14" length="8" spread="0" min="-300" max="-840">
			<attribute key="areaEffect" value="fire" />
		</attack>
		<attack name="holy" interval="2000" chance="14" length="8" spread="0" min="-300" max="-700">
			<attribute key="areaEffect" value="holyarea" />
		</attack>
		<attack name="ice" interval="2000" chance="29" range="7" radius="4" target="1" min="-300" max="-840">
			<attribute key="areaEffect" value="firearea" />
		</attack>
	</attacks>
	<defenses armor="30" defense="30">
		<defense name="healing" interval="1000" chance="20" min="200" max="500">
			<attribute key="areaEffect" value="blueshimmer" />
		</defense>
		<defense name="healing" interval="3000" chance="20" min="500" max="1000">
			<attribute key="areaEffect" value="blueshimmer" />
		</defense>
	</defenses>
 	<summons maxSummons="5">
		<summon name="neutral deepling warrior" interval="1000" chance="70" />
	</summons>
	<immunities>
		<immunity paralyze="1" />
		<immunity invisible="1" />
		<immunity drunk="1" />
	</immunities>
	<elements>
		<element earthPercent="100" />
		<element firePercent="100" />
		<element icePercent="100" />
	</elements>
</monster>
