<?xml version="1.0" encoding="UTF-8"?>
<monster name="Bullwark" nameDescription="Bullwark" race="blood" experience="22000" speed="300">
	<health now="72000" max="72000" />
	<look type="607" corpse="23367" />
	<targetchange interval="2000" chance="5" />
	<flags>
		<flag isboss="1" />
		<flag pushable="0" />
		<flag canpushitems="0" />
		<flag canpushcreatures="0" />
		<flag staticattack="90" />
		<flag targetdistance="1" />
		<flag canwalkonenergy="0" />
		<flag canwalkonfire="0" />
		<flag canwalkonpoison="0" />
	</flags>
	<attacks>
		<attack name="melee" interval="2000" min="0" max="-200" />
		<attack name="lifedrain" interval="2000" chance="19" radius="6" target="0" min="-200" max="-400">
			<attribute key="areaEffect" value="redshimmer" />
		</attack>
		<attack name="bleedcondition" interval="2000" chance="9" radius="8" target="0" min="-400" max="-600">
			<attribute key="areaEffect" value="iceattack" />
		</attack>
		<attack name="physical" interval="2000" chance="8" range="7" target="1" radius="6" min="-250" max="-400">
			<attribute key="shootEffect" value="largerock" />
			<attribute key="areaEffect" value="stones" />
		</attack>
		<attack name="physical" interval="2000" chance="13" range="7" target="1" radius="4" min="-200" max="-400">
			<attribute key="shootEffect" value="whirlwindclub" />
			<attribute key="areaEffect" value="explosion" />
		</attack>
		<attack name="speed" interval="2000" chance="6" target="0" length="3" spread="2" minspeedchange="-550" maxspeedchange="-700" duration="50000">
			<attribute key="areaEffect" value="blackspark" />
		</attack>
	</attacks>
	<defenses armor="30" defense="30">
		<defense name="healing" interval="2000" chance="1" min="4000" max="6000">
			<attribute key="areaEffect" value="blueshimmer" />
		</defense>
		<defense name="speed" interval="2000" chance="11" speedchange="660" duration="7000">
			<attribute key="areaEffect" value="blackspark" />
		</defense>
	</defenses>
	<elements>
		<element energyPercent="15" />
		<element firePercent="5" />
		<element icePercent="15" />
		<element deathPercent="10" />
	</elements>
	<immunities>
		<immunity earth="1" />
		<immunity paralyze="1" />
		<immunity invisible="1" />
		<immunity drunk="1" />
	</immunities>
	<loot>
		<item id="23570" name="giant pacifier" chance="100000" />
		<item id="2148" name="gold coin" chance="100000" countmax="200" />
		<item id="7591" name="great health potion" chance="100000" countmax="5" />
		<item id="5878" name="minotaur leather" chance="100000" />
		<item id="23571" name="moohtant horn" chance="100000" countmax="2" />
		<item id="2152" name="platinum coin" chance="100000" countmax="5" />
		<item id="2671" name="ham" chance="50000" />
		<item id="2666" name="meat" chance="50000" />
		<item id="23537" name="mooh'tah plate" chance="50000" />
		<item id="2150" name="small amethyst" chance="50000" countmax="5" />
		<item id="9970" name="small topaz" chance="50000" countmax="5" />
	</loot>
</monster>
