<?xml version="1.0" encoding="UTF-8"?>
<monster name="Captured Dwarf" nameDescription="a captured dwarf" race="blood" experience="0" speed="200">
	<health now="100" max="100" />
	<look type="538" corpse="0" />
	<targetchange interval="2000" chance="5" />
	<flags>
		<flag pushable="0" />
		<flag canpushitems="0" />
		<flag canpushcreatures="0" />
		<flag staticattack="90" />
		<flag targetdistance="1" />
		<flag canwalkonenergy="0" />
		<flag canwalkonfire="0" />
		<flag canwalkonpoison="0" />
	</flags>
	<defenses armor="30" defense="30" />
	<immunities>
		<immunity paralyze="1" />
		<immunity invisible="1" />
		<immunity drunk="1" />
	</immunities>
</monster>
