<?xml version="1.0" encoding="UTF-8"?>
<monster name="Cart Packed With Gold" nameDescription="a cart packed with gold" race="undead" experience="0" speed="200">
	<health now="10000" max="10000" />
	<look type="1175" corpse="33914" />
	<targetchange interval="2000" chance="5" />
	<flags>
		<flag attackable="1" />
		<flag hostile="1" />
		<flag summonable="0" />
		<flag convinceable="0" />
		<flag illusionable="0" />
		<flag isboss="1" />
		<flag ignorespawnblock="0" />
		<flag pushable="0" />
		<flag canpushitems="0" />
		<flag canpushcreatures="0" />
		<flag staticattack="90" />
		<flag targetdistance="1" />
		<flag canwalkonenergy="0" />
		<flag canwalkonfire="0" />
		<flag canwalkonpoison="0" />
	</flags>
	<defenses armor="10" defense="10" />
	<elements>
		<element firePercent="80" />
	</elements>
	<immunities>
		<immunity paralyze="1" />
		<immunity invisible="1" />
		<immunity drunk="1" />
	</immunities>
	<loot>
		<item id="2145" name="small diamond" chance="100000" />
	</loot>
</monster>
