<?xml version="1.0" encoding="UTF-8"?>
<monster name="Channeling Earl Osam" nameDescription="Channeling Earl Osam" race="venom" experience="0" speed="78">
	<health now="1000" max="1000" />
	<look type="1223" head="95" body="38" legs="60" feet="76" corpse="0" />
	<targetchange interval="2000" chance="5" />
	<flags>
		<flag attackable="1" />
		<flag hostile="1" />
		<flag summonable="0" />
		<flag convinceable="0" />
		<flag illusionable="0" />
		<flag isboss="1" />
		<flag ignorespawnblock="0" />
		<flag pushable="0" />
		<flag canpushitems="1" />
		<flag canpushcreatures="1" />
		<flag staticattack="90" />
		<flag targetdistance="1" />
		<flag canwalkonenergy="1" />
		<flag canwalkonfire="1" />
		<flag canwalkonpoison="1" />
	</flags>
	<defenses armor="10" defense="10" />
	<elements>
		<element energyPercent="-5" />
		<element firePercent="-10" />
	</elements>
	<immunities>
		<immunity paralyze="1" />
		<immunity invisible="1" />
		<immunity drunk="1" />
		<immunity earth="1" />
	</immunities>
	<voices interval="2000" chance="5">
		<voice sentence="NEW POWER SHALL BE MINE!" />
	</voices>
</monster>
