<?xml version="1.0" encoding="UTF-8"?>
<monster name="Chicken" namedescription="a chicken" race="blood" experience="0" speed="128" manacost="220" raceId="111">
	<health now="15" max="15" />
	<look type="111" corpse="6042" />
	<targetchange interval="4000" chance="0" />
	<flags>
		<flag summonable="1" />
		<flag attackable="1" />
		<flag hostile="0" />
		<flag illusionable="1" />
		<flag convinceable="1" />
		<flag pushable="1" />
		<flag canpushitems="0" />
		<flag canpushcreatures="0" />
		<flag targetdistance="1" />
		<flag staticattack="90" />
		<flag runonhealth="15" />
		<flag canwalkonenergy="0" />
		<flag canwalkonfire="0" />
		<flag canwalkonpoison="0" />
	</flags>
	<bestiary class="Bird" prowess="10" expertise="100" mastery="250" charmPoints="10" difficulty="trivial" occurrence="common" locations="Chicken Locations..." />
	<defenses armor="1" defense="1" />
	<voices interval="5000" chance="10">
		<voice sentence="Gokgoooook" />
		<voice sentence="Cluck Cluck" />
	</voices>
	<loot>
		<item name="chicken feather" chance="20000" />
		<item name="worm" chance="10000" />
		<item name="meat" countmax="2" chance="2120" />
		<item id="2695" chance="1000" /><!-- egg -->
	</loot>
</monster>
