<?xml version="1.0" encoding="UTF-8"?>
<monster name="Chizzoron The Distorter" nameDescription="Chizzoron the Distorter" race="blood" experience="4000" speed="260">
	<health now="16000" max="16000" />
	<look type="340" corpse="11316" />
	<targetchange interval="2000" chance="10" />
	<flags>
		<flag summonable="0" />
		<flag attackable="1" />
		<flag hostile="1" />
		<flag illusionable="0" />
		<flag convinceable="0" />
		<flag pushable="0" />
		<flag canpushitems="1" />
		<flag canpushcreatures="1" />
		<flag targetdistance="1" />
		<flag staticattack="90" />
		<flag runonhealth="0" />
		<flag canwalkonenergy="0" />
		<flag canwalkonfire="0" />
		<flag isboss="1" />
	</flags>
	<attacks>
		<attack name="melee" interval="2000" min="0" max="-455" />
		<attack name="earth" interval="2000" chance="20" range="7" radius="1" target="1" max="-430">
			<attribute key="shootEffect" value="poison" />
			<attribute key="areaEffect" value="poison" />
		</attack>
		<attack name="fire" interval="2000" chance="10" length="8" spread="3" max="-874">
			<attribute key="shootEffect" value="fire" />
			<attribute key="areaEffect" value="firearea" />
		</attack>
		<attack name="physical" interval="2000" chance="15" radius="3" min="-300" max="-646">
			<attribute key="areaEffect" value="poff" />
		</attack>
		<attack name="lifedrain" interval="2000" chance="15" range="7" target="1" min="-148" max="-250">
			<attribute key="areaEffect" value="redshimmer" />
		</attack>
	</attacks>
	<defenses armor="70" defense="85" />
	<elements>
		<element holyPercent="10" />
		<element energyPercent="20" />
		<element deathPercent="30" />
		<element icePercent="20" />
	</elements>
	<immunities>
		<immunity earth="1" />
		<immunity invisible="1" />
	</immunities>
	<summons maxSummons="2">
		<summon name="Lizard Dragon Priest" interval="2000" chance="10" max="2" />
	</summons>
	<voices interval="2000" chance="10">
		<voice sentence="Humanzzz! Leave Zzaion at onzzzze!" />
		<voice sentence="I pray to my mazzterzz, the mighty dragonzzz!" />
		<voice sentence="You are not worzzy to touch zzizz zzacred ground!" />
	</voices>
	<loot>
		<item name="gold coin" countmax="100" chance="69825" />
		<item name="gold coin" countmax="10" chance="69825" />
		<item name="small emerald" chance="5750" />
		<item name="green gem" chance="16300" />
		<item id="2169" chance="11025" /><!-- time ring -->
		<item name="dragon scale mail" chance="5750" />
		<item name="lizard scale" chance="100000" />
		<item name="great health potion" chance="5750" />
		<item name="gold ingot" countmax="2" chance="71550" />
	</loot>
</monster>
