<?xml version="1.0" encoding="UTF-8"?>
<monster name="Clay Guardian" nameDescription="a clay guardian" race="undead" experience="400" speed="210" raceId="706">
	<health now="625" max="625" />
	<look type="333" corpse="13972" />
	<targetchange interval="4000" chance="10" />
	<flags>
		<flag summonable="0" />
		<flag attackable="1" />
		<flag hostile="1" />
		<flag illusionable="1" />
		<flag convinceable="0" />
		<flag pushable="0" />
		<flag canpushitems="1" />
		<flag canpushcreatures="1" />
		<flag targetdistance="1" />
		<flag staticattack="60" />
		<flag runonhealth="0" />
		<flag canwalkonenergy="0" />
		<flag canwalkonfire="0" />
	</flags>
	<bestiary class="Construct" prowess="50" expertise="500" mastery="1000" charmPoints="50" difficulty="medium" occurrence="common" locations="Clay Guardian Locations..." />
	<attacks>
		<attack name="melee" interval="2000" min="0" max="-125" />
		<attack name="earth" interval="2000" chance="20" range="7" min="-30" max="-150">
			<attribute key="shootEffect" value="smallearth" />
			<attribute key="areaEffect" value="greenbubble" />
		</attack>
		<attack name="earth" interval="2000" chance="50" target="0" radius="3" min="-20" max="-30">
			<attribute key="areaEffect" value="poff" />
		</attack>
	</attacks>
	<defenses armor="25" defense="25">
		<defense name="healing" interval="2000" chance="10" min="40" max="130">
			<attribute key="areaEffect" value="blueshimmer" />
		</defense>
	</defenses>
	<elements>
		<element physicalPercent="40" />
		<element deathPercent="50" />
		<element icePercent="50" />
		<element firePercent="-5" />
	</elements>
	<immunities>
		<immunity earth="1" />
		<immunity invisible="1" />
	</immunities>
	<loot>
		<item name="small stone" countmax="10" chance="10000" />
		<item name="gold coin" countmax="100" chance="50000" />
		<item name="gold coin" countmax="63" chance="50000" />
		<item name="blank rune" chance="25000" />
		<item name="earth arrow" countmax="8" chance="5555" />
		<item name="small topaz" chance="320" />
		<item name="lump of earth" chance="25000" />
		<item name="clay lump" chance="1100" />
	</loot>
</monster>
