<?xml version="1.0" encoding="UTF-8"?>
<monster name="Cobra Scout" nameDescription="a cobra scout" race="blood" experience="7310" speed="300" raceId="1776">
	<health now="8500" max="8500" />
	<look type="1217" head="1" body="1" legs="102" feet="78" addons="2" corpse="34291" />
	<targetchange interval="4000" chance="10" />
	<flags>
		<flag summonable="0" />
		<flag attackable="1" />
		<flag hostile="1" />
		<flag illusionable="0" />
		<flag convinceable="0" />
		<flag pushable="0" />
		<flag canpushitems="1" />
		<flag canpushcreatures="1" />
		<flag targetdistance="4" />
		<flag staticattack="90" />
		<flag runonhealth="0" />
		<flag canwalkonenergy="1" />
		<flag canwalkonfire="1" />
		<flag canwalkonpoison="1" />
	</flags>
	<bestiary class="Human" prowess="100" expertise="1000" mastery="2500" charmPoints="100" difficulty="hard" occurrence="common" locations="Cobra Scout Locations..." />
	<attacks>
		<attack name="melee" interval="2000" min="0" max="-500" />
		<attack name="earth" interval="2000" chance="22" range="4" target="1" min="-350" max="-450">
			<attribute key="shootEffect" value="sniperarrow" />
		</attack>
		<attack name="earth" interval="2000" chance="16" radius="4" range="4" target="1" min="-300" max="-420">
			<attribute key="areaEffect" value="greenbubble" />
			<attribute key="shootEffect" value="poisonarrow" />
		</attack>
		<attack name="physical" interval="2000" chance="12" radius="3" min="-300" max="-380">
			<attribute key="areaEffect" value="groundshaker" />
		</attack>
	</attacks>
	<defenses armor="81" defense="81" />
	<immunities>
		<immunity earth="1" />
		<immunity paralyze="1" />
		<immunity invisible="1" />
	</immunities>
	<voices interval="5000" chance="10">
		<voice sentence="Think I can't see you? Think again..." />
		<voice sentence="You don't stand a chance!" />
		<voice sentence="What are you looking for?" />
	</voices>
	<loot>
		<item id="2152" name="platinum coin" chance="73559" countmax="9" />
		<item id="24850" name="opal" chance="22663" countmax="5" />
		<item id="7850" name="earth arrow" chance="20969" countmax="28" />
		<item id="34334" name="cobra crest" chance="14334" />
		<item id="20098" name="cheesy figurine" chance="13753" />
		<item id="9971" name="gold ingot" chance="6489" />
		<item id="2197" name="stone skin amulet" chance="5860" />
		<item id="10219" name="sacred tree amulet" chance="4794" />
		<item id="2156" name="red gem" chance="3923" />
		<item id="2149" name="small emerald" chance="3438" countmax="2" />
		<item id="2154" name="yellow gem" chance="3196" />
		<item id="18415" name="green crystal shard" chance="2179" />
		<item id="2155" name="green gem" chance="2179" />
		<item id="2153" name="violet gem" chance="1743" />
		<item id="26189" name="ring of red plasma" chance="581" />
	</loot>
</monster>
