<?xml version="1.0" encoding="UTF-8"?>
<monster name="Cockroach" nameDescription="a cockroach" race="venom" experience="0" speed="180">
	<health now="1" max="1" />
	<look type="284" corpse="8593" />
	<targetchange interval="60000" chance="0" />
	<flags>
		<flag summonable="0" />
		<flag attackable="1" />
		<flag hostile="0" />
		<flag illusionable="0" />
		<flag convinceable="0" />
		<flag pushable="1" />
		<flag canpushitems="0" />
		<flag staticattack="50" />
		<flag targetdistance="1" />
		<flag runonhealth="1" />
		<flag canwalkonenergy="0" />
		<flag canwalkonfire="0" />
		<flag canwalkonpoison="0" />
	</flags>
	<loot>
		<item name="cockroach leg" chance="100000" />
	</loot>
</monster>
