<?xml version="1.0" encoding="UTF-8"?>
<monster name="Condensed Sin" nameDescription="a condensed sin" race="undead" experience="0" speed="160">
	<health now="1000" max="1000" />
	<look type="315" corpse="9960" />
	<targetchange interval="2000" chance="5" />
	<flags>
		<flag attackable="1" />
		<flag hostile="1" />
		<flag summonable="0" />
		<flag convinceable="0" />
		<flag illusionable="0" />
		<flag isboss="0" />
		<flag ignorespawnblock="0" />
		<flag pushable="0" />
		<flag canpushitems="1" />
		<flag canpushcreatures="1" />
		<flag staticattack="90" />
		<flag targetdistance="1" />
		<flag canwalkonenergy="0" />
		<flag canwalkonfire="0" />
		<flag canwalkonpoison="0" />
	</flags>
	<attacks>
		<attack name="melee" interval="2000" min="0" max="-500" />
		<attack name="physical" interval="2000" chance="25" range="3" radius="4" target="0" min="-350" max="-600">
			<attribute key="areaEffect" value="poff" />
		</attack>
		<attack name="death blob curse" interval="2000" range="5" chance="5" />
	</attacks>
	<defenses armor="10" defense="10" />
	<elements>
		<element firePercent="-10" />
		<element icePercent="20" />
		<element energyPercent="-10" />
	</elements>
	<immunities>
		<immunity paralyze="1" />
		<immunity invisible="1" />
		<immunity drunk="1" />
	</immunities>
</monster>
