<?xml version="1.0" encoding="UTF-8"?>
<monster name="Containment Crystal" nameDescription="a containment crystal" race="undead" experience="0" speed="0">
	<health now="20000" max="20000" />
	<look typeex="8633" />
	<targetchange interval="2000" chance="5" />
	<flags>
		<flag pushable="0" />
		<flag canpushitems="0" />
		<flag canpushcreatures="0" />
		<flag staticattack="90" />
		<flag targetdistance="1" />
		<flag hidehealth="1" />
		<flag canwalkonenergy="0" />
		<flag canwalkonfire="0" />
		<flag canwalkonpoison="0" />
	</flags>
	<attacks>
		<attack name="energy" interval="2000" chance="40" radius="3" min="-100" max="-220">
			<attribute key="areaEffect" value="purpleenergy" />
		</attack>
	</attacks>
	<defenses armor="10" defense="5">
		<defense name="healing" interval="2000" chance="20" min="300" max="400" />
	</defenses>
	<immunities>
		<immunity paralyze="1" />
		<immunity invisible="1" />
		<immunity drunk="1" />
	</immunities>
</monster>
