<?xml version="1.0" encoding="UTF-8"?>
<monster name="Containment Machine" nameDescription="a containment machine" race="undead" experience="0" speed="0">
	<health now="6500" max="6500" />
	<look typeex="9902" />
	<targetchange interval="2000" chance="5" />
	<flags>
		<flag pushable="0" />
		<flag canpushitems="0" />
		<flag canpushcreatures="0" />
		<flag staticattack="90" />
		<flag targetdistance="1" />
		<flag canwalkonenergy="0" />
		<flag canwalkonfire="0" />
		<flag canwalkonpoison="0" />
	</flags>
	<immunities>
		<immunity paralyze="1" />
		<immunity invisible="1" />
		<immunity drunk="1" />
	</immunities>
	<defenses armor="30" defense="30" />
</monster>
