<?xml version="1.0" encoding="UTF-8"?>
<monster name="Corym Vanguard" nameDescription="a corym vanguard" race="blood" experience="490" speed="210" raceId="918">
	<health now="700" max="700" />
	<look type="534" head="0" body="19" legs="121" feet="0" corpse="19734" />
	<targetchange interval="4000" chance="10" />
	<flags>
		<flag summonable="0" />
		<flag attackable="1" />
		<flag hostile="1" />
		<flag illusionable="1" />
		<flag convinceable="0" />
		<flag pushable="0" />
		<flag canpushitems="1" />
		<flag canpushcreatures="1" />
		<flag targetdistance="1" />
		<flag staticattack="70" />
		<flag runonhealth="50" />
		<flag canwalkonfire="0" />
		<flag canwalkonpoison="0" />
	</flags>
	<bestiary class="Humanoid" prowess="50" expertise="500" mastery="1000" charmPoints="50" difficulty="medium" occurrence="common" locations="Corym Vanguard Locations..." />
	<attacks>
		<attack name="melee" interval="2000" min="0" max="-140" />
		<attack name="earth" interval="2000" chance="10" target="0" length="5" spread="3" min="-50" max="-100">
			<attribute key="areaEffect" value="greenbubble" />
		</attack>
		<attack name="death" interval="2000" chance="15" target="1" radius="4" min="-40" max="-70">
			<attribute key="areaEffect" value="mortarea" />
		</attack>
	</attacks>
	<defenses armor="29" defense="29">
		<defense name="healing" interval="2000" chance="10" min="30" max="60">
			<attribute key="areaEffect" value="blueshimmer" />
		</defense>
	</defenses>
	<elements>
		<element icePercent="10" />
		<element energyPercent="20" />
	</elements>
	<immunities>
		<immunity paralyze="1" />
		<immunity invisible="1" />
	</immunities>
	<voices interval="5000" chance="10">
		<voice sentence="Gimme! Gimme!" />
	</voices>
	<loot>
		<item name="gold coin" countmax="100" chance="50000" />
		<item name="gold coin" countmax="20" chance="50000" />
		<item id="2696" chance="20000" /><!-- cheese -->
		<item name="bola" chance="10000" />
		<item name="spike shield" chance="4761" />
		<item name="ratana" chance="5000" />
		<item name="life preserver" chance="5000" />
		<item name="cheese cutter" chance="16666" />
		<item name="cheesy figurine" chance="3846" />
		<item name="earflap" chance="11111" />
		<item name="soft cheese" chance="14285" />
		<item name="rat cheese" chance="14285" />
		<item name="rat god doll" chance="14" />
		<item name="leather harness" chance="1612" />
		<item name="spiky club" chance="3225" />
	</loot>
</monster>
