<?xml version="1.0" encoding="UTF-8"?>
<monster name="Cosmic Energy Prism B" nameDescription="cosmic energy prism B" race="energy" experience="840" speed="0">
	<health now="1000" max="1000" />
	<look typeex="1548" corpse="0" />
	<targetchange interval="2000" chance="5" />
	<flags>
		<flag attackable="1" />
		<flag hostile="1" />
		<flag summonable="0" />
		<flag convinceable="0" />
		<flag illusionable="0" />
		<flag isboss="0" />
		<flag ignorespawnblock="0" />
		<flag pushable="0" />
		<flag canpushitems="0" />
		<flag canpushcreatures="0" />
		<flag staticattack="90" />
		<flag targetdistance="1" />
		<flag canwalkonenergy="0" />
		<flag canwalkonfire="0" />
		<flag canwalkonpoison="0" />
	</flags>
	<attacks>
		<attack name="melee" interval="2000" min="0" max="-71" />
	</attacks>
	<defenses armor="10" defense="5">
		<defense name="healing" interval="2000" chance="20" min="1000" max="1000" />
	</defenses>
	<elements>
		<element firePercent="50" />
		<element earthPercent="50" />
		<element energyPercent="50" />
		<element deathPercent="50" />
		<element physicalPercent="50" />
		<element holyPercent="50" />
		<element icePercent="50" />
	</elements>
	<immunities>
		<immunity paralyze="1" />
		<immunity invisible="1" />
		<immunity drunk="1" />
	</immunities>
	<voices interval="5000" chance="10">
		<voice sentence="*Zap!*" />
	</voices>
</monster>
