<?xml version="1.0" encoding="UTF-8"?>
<monster name="Crypt Defiler" nameDescription="a crypt defiler" race="blood" experience="70" speed="205" raceId="868">
	<health now="180" max="180" />
	<look type="146" head="62" body="132" legs="42" feet="75" addons="3" corpse="20359" />
	<targetchange interval="4000" chance="10" />
	<flags>
		<flag summonable="0" />
		<flag attackable="1" />
		<flag hostile="1" />
		<flag illusionable="0" />
		<flag convinceable="0" />
		<flag pushable="1" />
		<flag canpushitems="0" />
		<flag canpushcreatures="0" />
		<flag targetdistance="1" />
		<flag staticattack="90" />
		<flag runonhealth="15" />
		<flag canwalkonenergy="0" />
		<flag canwalkonfire="0" />
		<flag canwalkonpoison="0" />
	</flags>
	<bestiary class="Human" prowess="25" expertise="250" mastery="500" charmPoints="30" difficulty="easy" occurrence="rare" locations="Crypt Defiler Locations..." />
	<attacks>
		<attack name="melee" interval="2000" min="0" max="-90" />
		<attack name="physical" interval="2000" chance="15" range="7" radius="1" target="1" min="0" max="-40">
			<attribute key="shooteffect" value="throwingstar" />
		</attack>
	</attacks>
	<defenses armor="15" defense="15" />
	<elements>
		<element energyPercent="20" />
		<element firePercent="-10" />
		<element icePercent="-5" />
	</elements>
	<immunities>
		<immunity earth="1" />
		<immunity paralyze="1" />
	</immunities>
	<voices interval="5000" chance="10">
		<voice sentence="I smell gold!" />
		<voice sentence="You'll make a fine fake-mummy to be sold!" />
		<voice sentence="Untold riches are awaiting me!" />
		<voice sentence="I don't like competition" />
	</voices>
	<loot>
		<item name="gold coin" countmax="39" chance="50900" />
		<item name="axe" chance="2730" />
		<item name="mace" chance="1800" />
		<item name="iron helmet" chance="450" />
		<item name="brass armor" chance="2240" />
		<item name="steel shield" chance="450" />
		<item name="nomad parchment" chance="220" />
		<item name="potato" countmax="3" chance="4840" />
		<item name="dirty turban" chance="1570" />
		<item name="rope belt" chance="4040" />
	</loot>
</monster>
