<?xml version="1.0" encoding="UTF-8"?>
<monster name="Crystalcrusher" nameDescription="a crystalcrusher" race="venom" experience="500" speed="230" raceId="869">
	<health now="570" max="570" />
	<look type="511" corpse="18487" />
	<targetchange interval="4000" chance="10" />
	<flags>
		<flag summonable="0" />
		<flag attackable="1" />
		<flag hostile="1" />
		<flag illusionable="1" />
		<flag convinceable="0" />
		<flag pushable="0" />
		<flag canpushitems="1" />
		<flag canpushcreatures="1" />
		<flag targetdistance="1" />
		<flag staticattack="80" />
		<flag runonhealth="0" />
		<flag canwalkonenergy="0" />
		<flag canwalkonfire="0" />
	</flags>
	<bestiary class="Magical" prowess="50" expertise="500" mastery="1000" charmPoints="50" difficulty="medium" occurrence="common" locations="Crystalcrusher Locations..." />
	<attacks>
		<attack name="melee" interval="2000" min="0" max="-167" />
		<attack name="earth" interval="2000" chance="10" target="1" radius="3" min="-110" max="-260">
			<attribute key="areaEffect" value="greenbubble" />
		</attack>
	</attacks>
	<defenses armor="20" defense="20">
		<defense name="healing" interval="2000" chance="30" min="5" max="15">
			<attribute key="areaEffect" value="blueshimmer" />
		</defense>
		<defense name="healing" interval="2000" chance="10" min="129" max="175">
			<attribute key="areaEffect" value="blueshimmer" />
		</defense>
	</defenses>
	<elements>
		<element deathPercent="10" />
		<element firePercent="15" />
		<element holyPercent="-1" />
		<element energyPercent="-5" />
		<element icePercent="-3" />
	</elements>
	<immunities>
		<immunity earth="1" />
		<immunity invisible="1" />
	</immunities>
	<voices interval="5000" chance="10">
		<voice sentence="Creak!" />
		<voice sentence="Crunch!" />
	</voices>
	<loot>
		<item name="gold coin" countmax="90" chance="85000" />
		<item name="crystalline arrow" countmax="3" chance="5000" />
		<item name="green crystal splinter" chance="4920" />
		<item name="brown crystal splinter" chance="5250" />
		<item name="blue crystal splinter" chance="5000" />
		<item name="crystalline spikes" chance="3690" />
	</loot>
</monster>
