<?xml version="1.0" encoding="UTF-8"?>
<monster name="Cult Scholar" nameDescription="a cult scholar" race="blood" experience="1100" speed="260" raceId="1514">
	<health now="1650" max="1650" />
	<look type="145" head="19" body="77" legs="3" feet="20" addons="1" corpse="24673" />
	<targetchange interval="2000" chance="5" />
	<flags>
		<flag pushable="0" />
		<flag canpushitems="1" />
		<flag canpushcreatures="1" />
		<flag staticattack="90" />
		<flag targetdistance="1" />
		<flag canwalkonenergy="0" />
		<flag canwalkonfire="0" />
		<flag canwalkonpoison="0" />
	</flags>
	<bestiary class="Human" prowess="50" expertise="500" mastery="1000" charmPoints="50" difficulty="medium" occurrence="uncommon" locations="Cult Scholar Locations..." />
	<immunities>
		<immunity paralyze="1" />
		<immunity invisible="1" />
		<immunity drunk="1" />
	</immunities>
	<elements>
		<element physicalPercent="20" />
		<element energyPercent="30" />
		<element earthPercent="30" />
		<element firePercent="30" />
		<element icePercent="30" />
		<element holyPercent="30" />
		<element deathPercent="30" />
	</elements>
	<attacks>
		<attack name="melee" interval="2000" min="0" max="-200" />
		<attack name="physical" interval="2000" chance="15" min="-150" max="-200" range="5" radius="1" target="1">
			<attribute key="shootEffect" value="death" />
		</attack>
		<attack name="earth" interval="2000" chance="15" min="-150" max="-200" length="8" spread="0">
			<attribute key="areaEffect" value="poison" />
		</attack>
	</attacks>
	<defenses armor="30" defense="30">
		<defense name="healing" interval="2000" chance="20" min="150" max="200" />
	</defenses>
	<voices interval="1000" chance="5">
		<voice sentence="The Secrets are ours alone!" />
	</voices>
	<loot>
		<item id="2148" name="gold coin" chance="100000" countmax="70" />
		<item id="2666" name="meat" chance="10468" />
		<item id="7591" name="great health potion" chance="6102" />
		<item id="10556" name="cultish robe" chance="5612" />
		<item id="2149" name="small emerald" chance="2539" />
		<item id="2145" name="small diamond" chance="2361" />
		<item id="2150" name="small amethyst" chance="2138" />
		<item id="2661" name="scarf" chance="535" />
		<item id="2164" name="might ring" chance="356" />
	</loot>
</monster>
