<?xml version="1.0" encoding="UTF-8"?>
<monster name="Cult Believer" nameDescription="a cult believer" race="blood" experience="850" speed="260" raceId="1512">
	<health now="975" max="975" />
	<look type="132" head="98" body="96" legs="39" feet="38" addons="1" corpse="24673" />
	<targetchange interval="2000" chance="5" />
	<flags>
		<flag pushable="0" />
		<flag canpushitems="1" />
		<flag canpushcreatures="1" />
		<flag staticattack="90" />
		<flag targetdistance="1" />
		<flag canwalkonenergy="0" />
		<flag canwalkonfire="0" />
		<flag canwalkonpoison="0" />
	</flags>
	<bestiary class="Human" prowess="50" expertise="500" mastery="1000" charmPoints="50" difficulty="medium" occurrence="common" locations="Cult Believer Locations..." />
	<immunities>
		<immunity paralyze="1" />
		<immunity invisible="1" />
		<immunity drunk="1" />
	</immunities>
	<elements>
		<element energyPercent="10" />
		<element earthPercent="10" />
		<element firePercent="10" />
		<element icePercent="10" />
		<element holyPercent="10" />
	</elements>
	<attacks>
		<attack name="melee" interval="2000" min="0" max="-200" />
	</attacks>
	<defenses armor="30" defense="30">
		<defense name="healing" interval="2000" chance="20" min="150" max="250" />
	</defenses>
	<voices interval="1000" chance="5">
		<voice sentence="Death to the unbelievers!" />
	</voices>
	<loot>
		<item id="2148" name="gold coin" chance="100000" countmax="70" />
		<item id="2666" name="meat" chance="12877" />
		<item id="7591" name="great health potion" chance="6066" />
		<item id="10556" name="cultish robe" chance="4432" />
		<item id="2145" name="small diamond" chance="2547" />
		<item id="2150" name="small amethyst" chance="2455" />
		<item id="2149" name="small emerald" chance="2388" />
		<item id="2661" name="scarf" chance="1022" />
		<item id="2164" name="might ring" chance="168" />
		<item id="2114" name="piggy bank" chance="84" />
	</loot>
</monster>
