<?xml version="1.0" encoding="UTF-8"?>
<monster name="Deadeye Devious" nameDescription="Deadeye Devious" race="blood" experience="750" speed="300">
	<health now="1450" max="1450" />
	<look type="151" head="115" body="76" legs="35" feet="117" addons="2" corpse="20378" />
	<targetchange interval="60000" chance="0" />
	<flags>
		<flag summonable="0" />
		<flag attackable="1" />
		<flag hostile="1" />
		<flag illusionable="0" />
		<flag convinceable="0" />
		<flag pushable="0" />
		<flag canpushitems="1" />
		<flag staticattack="50" />
		<flag targetdistance="1" />
		<flag runonhealth="0" />
		<flag canwalkonenergy="0" />
		<flag canwalkonfire="0" />
		<flag canwalkonpoison="0" />
		<flag isboss="1" />
	</flags>
	<attacks>
		<attack name="melee" interval="2000" min="0" max="-550" />
		<attack name="physical" interval="4000" chance="60" min="-200" max="-250">
			<attribute key="shootEffect" value="throwingknife" />
		</attack>
	</attacks>
	<defenses armor="35" defense="50">
		<defense name="healing" interval="6000" chance="65" min="200" max="250">
			<attribute key="areaEffect" value="blueshimmer" />
		</defense>
	</defenses>
	<immunities>
		<immunity invisible="1" />
	</immunities>
	<voices interval="5000" chance="10">
		<voice sentence="Let's kill 'em" />
		<voice sentence="Arrrgh!" />
		<voice sentence="You'll never take me alive!" />
	</voices>
	<loot>
		<item name="gold coin" countmax="65" chance="100000" />
		<item name="skull of Ratha" countmax="2" chance="100000" />
		<item name="plate armor" chance="4000" />
		<item name="knight armor" chance="1200" />
		<item name="meat" chance="100000" />
		<item name="pirate backpack" chance="4000" />
		<item name="Deadeye Devious' eye patch" chance="100000" />
	</loot>
</monster>
