<?xml version="1.0" encoding="UTF-8"?>
<monster name="Deepsea Blood Crab" nameDescription="a deepsea blood crab" race="blood" experience="180" speed="380" raceId="437">
	<health now="320" max="320" />
	<look type="200" corpse="6075" />
	<targetchange interval="4000" chance="10" />
	<flags>
		<flag summonable="0" />
		<flag attackable="1" />
		<flag hostile="1" />
		<flag illusionable="1" />
		<flag convinceable="0" />
		<flag pushable="0" />
		<flag canpushitems="1" />
		<flag canpushcreatures="0" />
		<flag staticattack="90" />
		<flag targetdistance="1" />
		<flag runonhealth="0" />
		<flag canwalkonenergy="0" />
		<flag canwalkonfire="0" />
	</flags>
	<bestiary class="Aquatic" prowess="25" expertise="250" mastery="500" charmPoints="30" difficulty="easy" occurrence="common" locations="Deepsea Blood Crab Locations..." />
	<attacks>
		<attack name="melee" interval="2000" min="0" max="-115" />
	</attacks>
	<defenses armor="28" defense="28" />
	<elements>
		<element physicalPercent="5" />
		<element firePercent="-10" />
		<element energyPercent="-5" />
	</elements>
	<immunities>
		<immunity ice="1" />
		<immunity earth="1" />
		<immunity drown="1" />
	</immunities>
	<loot>
		<item id="2148" name="gold coin" chance="86909" countmax="20" />
		<item id="2667" name="fish" chance="10851" />
		<item id="10550" name="bloody pincers" chance="6816" />
		<item id="2464" name="chain armor" chance="5241" />
		<item id="2478" name="brass legs" chance="2707" />
		<item id="2143" name="white pearl" chance="541" />
	</loot>
</monster>
