<?xml version="1.0" encoding="UTF-8"?>
<monster name="Deer" nameDescription="a deer" race="blood" experience="0" speed="196" manacost="260" raceId="31">
	<health now="25" max="25" />
	<look type="31" corpse="5970" />
	<targetchange interval="4000" chance="20" />
	<flags>
		<flag summonable="1" />
		<flag attackable="1" />
		<flag hostile="0" />
		<flag illusionable="1" />
		<flag convinceable="1" />
		<flag pushable="1" />
		<flag canpushitems="0" />
		<flag canpushcreatures="0" />
		<flag targetdistance="1" />
		<flag staticattack="90" />
		<flag runonhealth="25" />
		<flag canwalkonenergy="0" />
		<flag canwalkonfire="0" />
		<flag canwalkonpoison="0" />
	</flags>
	<bestiary class="Mammal" prowess="10" expertise="100" mastery="250" charmPoints="10" difficulty="trivial" occurrence="common" locations="Deer Locations..." />
	<attacks>
		<attack name="melee" interval="2000" min="0" max="-1" />
	</attacks>
	<defenses armor="2" defense="2" />
	<loot>
		<item id="2666" name="meat" chance="80405" />
		<item id="2671" name="ham" chance="51110" />
		<item id="11214" name="antlers" chance="1063" />
	</loot>
</monster>
