<?xml version="1.0" encoding="UTF-8"?>
<monster name="Defiler" nameDescription="a defiler" race="venom" experience="3700" speed="160" raceId="289">
	<health now="3650" max="3650" />
	<look type="238" corpse="6532" />
	<targetchange interval="4000" chance="10" />
	<flags>
		<flag summonable="0" />
		<flag attackable="1" />
		<flag hostile="1" />
		<flag illusionable="1" />
		<flag convinceable="0" />
		<flag pushable="0" />
		<flag canpushitems="1" />
		<flag canpushcreatures="1" />
		<flag targetdistance="1" />
		<flag staticattack="80" />
		<flag runonhealth="85" />
		<flag canwalkonenergy="0" />
		<flag canwalkonfire="0" />
	</flags>
	<bestiary class="Slime" prowess="100" expertise="1000" mastery="2500" charmPoints="100" difficulty="hard" occurrence="common" locations="Defiler Locations..." />
	<attacks>
		<attack name="melee" interval="2000" min="0" max="-240" poison="150" />
		<attack name="earth" interval="2000" chance="20" range="7" min="-160" max="-270">
			<attribute key="shootEffect" value="poison" />
		</attack>
		<attack name="poisoncondition" interval="2000" chance="15" target="0" radius="7" range="7" min="-400" max="-640">
			<attribute key="areaEffect" value="greenspark" />
		</attack>
		<attack name="earth" interval="2000" chance="20" radius="3" target="0" min="-120" max="-170">
			<attribute key="areaEffect" value="poison" />
		</attack>
		<attack name="poisoncondition" interval="2000" chance="10" length="8" spread="3" min="-500" max="-1000">
			<attribute key="areaEffect" value="smallplants" />
		</attack>
		<attack name="speed" interval="2000" chance="15" length="8" spread="3" speedchange="-700" duration="15000">
			<attribute key="areaEffect" value="smallclouds" />
		</attack>
	</attacks>
	<defenses armor="20" defense="20">
		<defense name="healing" interval="2000" chance="10" min="280" max="350">
			<attribute key="areaEffect" value="blueshimmer" />
		</defense>
	</defenses>
	<elements>
		<element energyPercent="10" />
		<element icePercent="20" />
		<element firePercent="-25" />
	</elements>
	<immunities>
		<immunity earth="1" />
		<immunity paralyze="1" />
		<immunity invisible="1" />
	</immunities>
	<voices interval="5000" chance="10">
		<voice sentence="Blubb" />
		<voice sentence="Blubb Blubb" />
	</voices>
	<loot>
		<item id="2148" name="gold coin" chance="100000" countmax="272" />
		<item id="2152" name="platinum coin" chance="96687" countmax="6" />
		<item id="5944" name="soul orb" chance="19478" />
		<item id="6500" name="demonic essence" chance="19157" />
		<item id="9967" name="glob of acid slime" chance="11586" />
		<item id="9968" name="glob of tar" chance="11245" />
		<item id="2149" name="small emerald" chance="5723" countmax="3" />
		<item id="2151" name="talon" chance="4357" />
		<item id="2147" name="small ruby" chance="3695" countmax="2" />
		<item id="6300" name="death ring" chance="2831" />
		<item id="2145" name="small diamond" chance="2490" countmax="2" />
		<item id="2154" name="yellow gem" chance="1787" />
		<item id="2156" name="red gem" chance="1165" />
		<item id="2158" name="blue gem" chance="843" />
		<item id="2155" name="green gem" chance="723" />
	</loot>
</monster>
