<?xml version="1.0" encoding="UTF-8"?>
<monster name="Dharalion" nameDescription="Dharalion" race="blood" experience="570" speed="240">
	<health now="380" max="380" />
	<look type="203" corpse="6011" />
	<targetchange interval="5000" chance="8" />
	<flags>
		<flag summonable="0" />
		<flag attackable="1" />
		<flag hostile="1" />
		<flag illusionable="0" />
		<flag convinceable="0" />
		<flag pushable="0" />
		<flag canpushitems="1" />
		<flag canpushcreatures="1" />
		<flag targetdistance="4" />
		<flag staticattack="90" />
		<flag isboss="1" />
	</flags>
	<attacks>
		<attack name="melee" interval="2000" min="0" max="-30" />
		<attack name="manadrain" interval="1000" chance="15" range="7" min="0" max="-100" />
		<attack name="energy" interval="1000" chance="13" range="7" min="-80" max="-100">
			<attribute key="shootEffect" value="energy" />
			<attribute key="areaEffect" value="energy" />
		</attack>
		<attack name="death" interval="1000" chance="10" range="7" min="-80" max="-151">
			<attribute key="shootEffect" value="suddendeath" />
		</attack>
	</attacks>
	<defenses armor="15" defense="25">
		<defense name="healing" interval="1000" chance="20" min="90" max="150">
			<attribute key="areaEffect" value="blueshimmer" />
		</defense>
		<defense name="speed" interval="1000" chance="7" speedchange="300" duration="10000">
			<attribute key="areaEffect" value="redshimmer" />
		</defense>
	</defenses>
	<elements>
		<element holyPercent="-10" />
	</elements>
	<immunities>
		<immunity invisible="1" />
	</immunities>
	<summons maxSummons="2">
		<summon name="demon skeleton" interval="1000" chance="6" />
	</summons>
	<voices interval="5000" chance="10">
		<voice sentence="Feel my wrath!" />
		<voice sentence="Noone will stop my ascension!" />
		<voice sentence="My powers are divine!" />
		<voice sentence="You desecrated this temple!" />
		<voice sentence="Muahahaha!" />
	</voices>
	<loot>
		<item id="2148" name="gold coin" chance="100000" countmax="100" />
		<item id="5922" name="holy orchid" chance="100000" />
		<item id="10552" name="elvish talisman" chance="87671" />
		<item id="12421" name="elven astral observer" chance="83562" />
		<item id="2154" name="yellow gem" chance="41096" />
		<item id="2682" name="melon" chance="24658" />
		<item id="2260" name="blank rune" chance="23288" />
		<item id="2198" name="elven amulet" chance="16438" />
		<item id="2689" name="bread" chance="15068" />
		<item id="7590" name="great mana potion" chance="13699" />
		<item id="2177" name="life crystal" chance="12329" />
		<item id="2802" name="sling herb" chance="10959" />
		<item id="3957" name="cornucopia" chance="9589" />
		<item id="2652" name="green tunic" chance="5479" />
		<item id="7378" name="royal spear" chance="1370" countmax="2" />
	</loot>
</monster>
