<?xml version="1.0" encoding="UTF-8"?>
<monster name="Dipthrah" nameDescription="Dipthrah" race="undead" experience="2900" speed="320">
	<health now="4200" max="4200" />
	<look type="87" corpse="6031" />
	<targetchange interval="5000" chance="8" />
	<flags>
		<flag summonable="0" />
		<flag attackable="1" />
		<flag hostile="1" />
		<flag illusionable="0" />
		<flag convinceable="0" />
		<flag pushable="0" />
		<flag canpushitems="1" />
		<flag canpushcreatures="1" />
		<flag targetdistance="1" />
		<flag staticattack="90" />
		<flag runonhealth="0" />
		<flag canwalkonenergy="0" />
		<flag canwalkonfire="0" />
		<flag canwalkonpoison="0" />
	</flags>
	<attacks>
		<attack name="melee" interval="2000" min="0" max="-200" poison="65" />
		<attack name="lifedrain" interval="4000" chance="20" range="1" min="-100" max="-800" />
		<attack name="manadrain" interval="2000" chance="15" range="7" min="-100" max="-500">
			<attribute key="areaEffect" value="redshimmer" />
		</attack>
		<attack name="speed" interval="1000" chance="15" range="7" speedchange="-650" duration="50000">
			<attribute key="areaEffect" value="redshimmer" />
		</attack>
		<attack name="drunk" interval="1000" chance="12" radius="7" target="0">
			<attribute key="areaEffect" value="bluebubble" />
		</attack>
		<attack name="melee" interval="3000" chance="34" radius="3" target="0" min="-50" max="-600">
			<attribute key="areaEffect" value="bluebubble" />
		</attack>
		<attack name="dipthrah skill reducer" interval="2000" chance="10" />
	</attacks>
	<defenses armor="25" defense="25">
		<defense name="healing" interval="1000" chance="25" min="100" max="200">
			<attribute key="areaEffect" value="blueshimmer" />
		</defense>
	</defenses>
	<elements>
		<element holyPercent="-10" />
		<element energyPercent="20" />
		<element earthPercent="20" />
	</elements>
	<immunities>
		<immunity physical="1" />
		<immunity death="1" />
		<immunity invisible="1" />
	</immunities>
	<summons maxSummons="4">
		<summon name="Priestess" interval="2000" chance="15" />
	</summons>
	<voices interval="5000" chance="10">
		<voice sentence="Come closer to learn the final lesson." />
		<voice sentence="You can't escape death forever." />
		<voice sentence="Undeath will shatter my shackles." />
		<voice sentence="You don't need this magic anymore." />
	</voices>
	<loot>
		<item id="3241" name="ornamented ankh" chance="100000" />
		<item id="2148" name="gold coin" chance="90981" countmax="226" />
		<item id="2146" name="small sapphire" chance="9806" countmax="3" />
		<item id="7590" name="great mana potion" chance="8927" />
		<item id="2167" name="energy ring" chance="4857" />
		<item id="2178" name="mind stone" chance="925" />
		<item id="2158" name="blue gem" chance="833" />
		<item id="2193" name="ankh" chance="601" />
		<item id="2436" name="skull staff" chance="555" />
		<item id="11207" name="mini mummy" chance="93" />
		<item id="2446" name="pharaoh sword" chance="93" />
	</loot>
</monster>
