<?xml version="1.0" encoding="UTF-8"?>
<monster name="Doom Deer" nameDescription="a doom deer" race="blood" experience="200" speed="300" raceId="559">
	<health now="405" max="405" />
	<look type="31" corpse="5970" />
	<targetchange interval="2000" chance="20" />
	<flags>
		<flag summonable="0" />
		<flag attackable="1" />
		<flag hostile="1" />
		<flag illusionable="0" />
		<flag convinceable="0" />
		<flag pushable="0" />
		<flag canpushitems="1" />
		<flag canpushcreatures="1" />
		<flag targetdistance="1" />
		<flag staticattack="90" />
		<flag runonhealth="25" />
		<flag canwalkonfire="0" />
		<flag canwalkonpoison="0" />
	</flags>
	<bestiary class="Mammal" prowess="50" expertise="500" mastery="1000" charmPoints="50" difficulty="medium" occurrence="uncommon" locations="Doom Deer Locations..." />
	<attacks>
		<attack name="melee" interval="2000" min="0" max="-100" />
		<attack name="energy" interval="4000" chance="30" length="5" min="-35" max="-55">
			<attribute key="areaEffect" value="bigclouds" />
		</attack>
	</attacks>
	<defenses armor="30" defense="35">
		<defense name="speed" interval="3000" chance="30" speedchange="400" duration="8000">
			<attribute key="areaEffect" value="redshimmer" />
		</defense>
	</defenses>
	<immunities>
		<immunity energy="1" />
		<immunity drown="1" />
		<immunity lifedrain="1" />
		<immunity invisible="1" />
	</immunities>
	<voices interval="5000" chance="10">
		<voice sentence="I bet it was you who killed my mom!" />
	</voices>
	<loot>
		<item name="gold coin" countmax="100" chance="50000" />
	</loot>
</monster>
