<?xml version="1.0" encoding="UTF-8"?>
<monster name="Dragon Wrath" nameDescription="a dragon wrath" race="undead" experience="4600" speed="320">
	<health now="7800" max="7800" />
	<look type="351" corpse="0" />
	<targetchange interval="2000" chance="5" />
	<flags>
		<flag attackable="1" />
		<flag hostile="1" />
		<flag summonable="0" />
		<flag convinceable="0" />
		<flag illusionable="0" />
		<flag isboss="0" />
		<flag ignorespawnblock="0" />
		<flag pushable="0" />
		<flag canpushitems="0" />
		<flag canpushcreatures="0" />
		<flag staticattack="90" />
		<flag targetdistance="1" />
		<flag canwalkonenergy="0" />
		<flag canwalkonfire="0" />
		<flag canwalkonpoison="0" />
	</flags>
	<attacks>
		<attack name="melee" interval="2000" min="0" max="-500" />
		<attack name="death" interval="2000" chance="10" length="8" spread="3" min="-50" max="-250">
			<attribute key="areaEffect" value="bluebubble" />
		</attack>
		<attack name="ghastly dragon curse" interval="2000" chance="10" range="7" />
		<attack name="poisoncondition" interval="2000" chance="10" range="7" min="-920" max="-1260">
			<attribute key="shootEffect" value="death" />
			<attribute key="areaEffect" value="smallclouds" />
		</attack>
		<attack name="speed" interval="2000" chance="20" range="9" target="1" speedchange="-800" duration="20000">
			<attribute key="areaEffect" value="smallclouds" />
		</attack>
		<attack name="lifedrain" interval="2000" chance="20" range="7" target="1" min="-90" max="-250">
			<attribute key="areaEffect" value="redshimmer" />
		</attack>
		<attack name="death" interval="2000" chance="13" radius="4" target="0" min="-70" max="-180">
			<attribute key="areaEffect" value="mortarea" />
		</attack>
	</attacks>
	<defenses armor="45" defense="35">
		<defense name="healing" interval="2000" chance="9" min="70" max="300">
			<attribute key="areaEffect" value="greenshimmer" />
		</defense>
	</defenses>
	<elements>
		<element firePercent="10" />
		<element icePercent="50" />
		<element physicalPercent="-10" />
		<element holyPercent="-15" />
		<element energyPercent="-10" />
	</elements>
	<immunities>
		<immunity paralyze="1" />
		<immunity invisible="1" />
		<immunity death="1" />
		<immunity lifedrain="1" />
		<immunity earth="1" />
		<immunity drunk="1" />
	</immunities>
</monster>
