<?xml version="1.0" encoding="UTF-8"?>
<monster name="Dragon Essence" nameDescription="a dragon essence" race="undead" experience="0" speed="250">
	<health now="30000" max="30000" />
	<look type="248" corpse="0" />
	<targetchange interval="2000" chance="5" />
	<flags>
		<flag attackable="1" />
		<flag hostile="1" />
		<flag summonable="0" />
		<flag convinceable="0" />
		<flag illusionable="0" />
		<flag isboss="0" />
		<flag ignorespawnblock="0" />
		<flag pushable="0" />
		<flag canpushitems="0" />
		<flag canpushcreatures="0" />
		<flag staticattack="90" />
		<flag targetdistance="1" />
		<flag canwalkonenergy="0" />
		<flag canwalkonfire="1" />
		<flag canwalkonpoison="0" />
	</flags>
	<attacks>
		<attack name="melee" interval="2000" min="0" max="-500" />
		<attack name="fire" interval="2000" chance="18" length="8" spread="0" min="-850" max="-1250">
			<attribute key="areaEffect" value="icearea" />
		</attack>
		<attack name="fire" interval="2000" chance="15" range="7" radius="3" target="0" min="-450" max="-720">
			<attribute key="areaEffect" value="fire" />
		</attack>
		<attack name="fire" interval="2000" chance="12" length="8" spread="3" min="-750" max="-880">
			<attribute key="areaEffect" value="fire" />
		</attack>
	</attacks>
	<defenses armor="22" defense="35">
		<defense name="healing" interval="2000" chance="16" min="150" max="200">
			<attribute key="areaEffect" value="blueshimmer" />
		</defense>
		<defense name="speed" interval="2000" chance="8" speedchange="262" duration="7000">
			<attribute key="areaEffect" value="redshimmer" />
		</defense>
	</defenses>
	<elements>
		<element poisonPercent="-10" />
		<element energyPercent="-10" />
	</elements>
	<immunities>
		<immunity paralyze="1" />
		<immunity ice="1" />
		<immunity invisible="1" />
		<immunity drunk="1" />
	</immunities>
</monster>
