<?xml version="1.0" encoding="UTF-8"?>
<monster name="Draken Warmaster" nameDescription="a draken warmaster" race="blood" experience="2400" speed="324" raceId="617">
	<health now="4150" max="4150" />
	<look type="334" corpse="11107" />
	<targetchange interval="4000" chance="10" />
	<flags>
		<flag summonable="0" />
		<flag attackable="1" />
		<flag hostile="1" />
		<flag illusionable="1" />
		<flag convinceable="0" />
		<flag pushable="0" />
		<flag canpushitems="1" />
		<flag canpushcreatures="0" />
		<flag targetdistance="1" />
		<flag staticattack="90" />
		<flag runonhealth="0" />
	</flags>
	<bestiary class="Dragon" prowess="50" expertise="500" mastery="1000" charmPoints="50" difficulty="medium" occurrence="common" locations="Draken Warmaster Locations..." />
	<attacks>
		<attack name="melee" interval="2000" min="0" max="-300" />
		<attack name="fire" interval="2000" chance="10" length="4" spread="3" min="-240" max="-520">
			<attribute key="areaEffect" value="explosion" />
		</attack>
	</attacks>
	<defenses armor="40" defense="40">
		<defense name="healing" interval="2000" chance="10" min="510" max="600">
			<attribute key="areaEffect" value="blueshimmer" />
		</defense>
	</defenses>
	<elements>
		<element physicalPercent="5" />
		<element holyPercent="5" />
		<element deathPercent="50" />
		<element energyPercent="5" />
		<element icePercent="-5" />
	</elements>
	<immunities>
		<immunity fire="1" />
		<immunity earth="1" />
		<immunity invisible="1" />
	</immunities>
	<voices interval="5000" chance="10">
		<voice sentence="Attack aggrezzively! Dezztroy zze intruderzz!" />
		<voice sentence="Hizzzzz!" />
	</voices>
	<loot>
		<item id="2148" name="gold coin" chance="97355" countmax="200" />
		<item id="2152" name="platinum coin" chance="50252" countmax="5" />
		<item id="2666" name="meat" chance="30158" />
		<item id="11321" name="bone shoulderplate" chance="12048" />
		<item id="11323" name="zaoan halberd" chance="8001" />
		<item id="11322" name="warmaster's wristguards" chance="6993" />
		<item id="7591" name="great health potion" chance="5049" countmax="3" />
		<item id="8473" name="ultimate health potion" chance="3981" />
		<item id="11303" name="zaoan shoes" chance="2026" />
		<item id="2528" name="tower shield" chance="1991" />
		<item id="2147" name="small ruby" chance="1573" countmax="5" />
		<item id="11304" name="zaoan legs" chance="943" />
		<item id="11305" name="drakinata" chance="827" />
		<item id="11301" name="zaoan armor" chance="791" />
		<item id="2123" name="ring of the sky" chance="208" />
	</loot>
</monster>
