<?xml version="1.0" encoding="UTF-8"?>
<monster name="Duke Krule" nameDescription="Duke Krule" race="venom" experience="55000" speed="250">
	<health now="290000" max="290000" />
	<look type="1221" head="19" addons="3" corpse="34255" />
	<targetchange interval="2000" chance="5" />
	<flags>
		<flag attackable="1" />
		<flag hostile="1" />
		<flag summonable="0" />
		<flag convinceable="0" />
		<flag illusionable="0" />
		<flag isboss="1" />
		<flag ignorespawnblock="0" />
		<flag pushable="0" />
		<flag canpushitems="1" />
		<flag canpushcreatures="1" />
		<flag staticattack="90" />
		<flag targetdistance="4" />
		<flag canwalkonenergy="1" />
		<flag canwalkonfire="1" />
		<flag canwalkonpoison="1" />
	</flags>
	<attacks>
		<attack name="melee" interval="2000" min="0" max="-600" />
		<attack name="manadrain" interval="1800" chance="60" length="7" spread="2" min="-400" max="-1000">
			<attribute key="areaEffect" value="explosion" />
		</attack>
		<attack name="physical" interval="1800" chance="19" length="7" spread="0" min="-400" max="-1000">
			<attribute key="areaEffect" value="yellowspark" />
		</attack>
		<attack name="fire" interval="1800" chance="40" radius="10" min="-300" max="-500">
			<attribute key="areaEffect" value="fire" />
		</attack>
	</attacks>
	<defenses armor="78" defense="25">
		<defense name="healing" interval="2000" chance="14" min="150" max="350">
			<attribute key="areaEffect" value="blueshimmer" />
		</defense>
	</defenses>
	<elements>
		<element firePercent="20" />
	</elements>
	<immunities>
		<immunity paralyze="1" />
		<immunity invisible="1" />
		<immunity drunk="1" />
	</immunities>
	<summons maxSummons="3">
		<summon name="Soul Scourge" interval="2000" chance="20" />
	</summons>
	<loot>
		<item id="2158" name="blue gem" chance="100000" countmax="2" />
		<item id="7443" name="bullseye potion" chance="100000" countmax="11" />
		<item id="2152" name="platinum coin" chance="100000" countmax="8" />
		<item id="26189" name="ring of red plasma" chance="100000" />
		<item id="25172" name="silver token" chance="100000" countmax="3" />
		<item id="26031" name="supreme health potion" chance="100000" countmax="2" />
		<item id="26030" name="ultimate spirit potion" chance="100000" countmax="4" />
	</loot>
</monster>
