<?xml version="1.0" encoding="UTF-8"?>
<monster name="Dworc Voodoomaster" namedescription="a dworc voodoomaster" race="blood" experience="55" speed="150" raceId="214">
	<health now="80" max="80" />
	<look type="214" corpse="6055" />
	<targetchange interval="4000" chance="10" />
	<flags>
		<flag summonable="0" />
		<flag attackable="1" />
		<flag hostile="1" />
		<flag illusionable="1" />
		<flag convinceable="0" />
		<flag pushable="1" />
		<flag canpushitems="0" />
		<flag canpushcreatures="0" />
		<flag targetdistance="4" />
		<flag staticattack="80" />
		<flag runonhealth="15" />
		<flag canwalkonenergy="0" />
		<flag canwalkonfire="0" />
	</flags>
	<bestiary class="Humanoid" prowess="25" expertise="250" mastery="500" charmPoints="30" difficulty="easy" occurrence="common" locations="Dworc Voodoomaster Locations..." />
	<attacks>
		<attack name="melee" interval="2000" min="0" max="-20" />
		<attack name="lifedrain" interval="2000" chance="10" range="1" min="0" max="-40">
			<attribute key="areaEffect" value="redshimmer" />
		</attack>
		<attack name="speed" interval="2000" chance="10" range="7" speedchange="-800" duration="5000">
			<attribute key="areaEffect" value="redshimmer" />
		</attack>
		<attack name="drunk" interval="2000" chance="10" range="7">
			<attribute key="shooteffect" value="energy" />
			<attribute key="areaEffect" value="teleport" />
		</attack>
		<attack name="outfit" interval="2000" chance="10" range="7" monster="chicken" duration="5000">
			<attribute key="areaEffect" value="blueshimmer" />
		</attack>
		<attack name="earth" interval="2000" chance="10" radius="6" target="0" min="-6" max="-18">
			<attribute key="areaEffect" value="greenbubble" />
		</attack>
		<attack name="poisonfield" interval="2000" chance="10" range="7" radius="1" target="1">
			<attribute key="shooteffect" value="poison" />
		</attack>
	</attacks>
	<defenses armor="3" defense="3">
		<defense name="healing" interval="2000" chance="20" min="3" max="9">
			<attribute key="areaEffect" value="blueshimmer" />
		</defense>
		<defense name="speed" interval="2000" chance="15" speedchange="200" duration="4000">
			<attribute key="areaEffect" value="redshimmer" />
		</defense>
		<defense name="invisible" interval="2000" chance="15" duration="7000">
			<attribute key="areaEffect" value="blueshimmer" />
		</defense>
	</defenses>
	<elements>
		<element holyPercent="35" />
		<element firePercent="-15" />
		<element deathPercent="-10" />
		<element icePercent="-10" />
	</elements>
	<immunities>
		<immunity earth="1" />
	</immunities>
	<voices interval="5000" chance="10">
		<voice sentence="Brak brrretz!" />
		<voice sentence="Grow truk grrrrr." />
		<voice sentence="Prek tars, dekklep zurk." />
	</voices>
	<loot>
		<item id="2148" name="gold coin" chance="74835" countmax="17" />
		<item id="2467" name="leather armor" chance="10093" />
		<item id="2230" name="bone" chance="5812" />
		<item id="2050" name="torch" chance="5547" />
		<item id="2231" name="big bone" chance="3066" />
		<item id="2229" name="skull (item)" chance="1973" countmax="3" />
		<item id="2411" name="poison dagger" chance="1009" />
		<item id="7618" name="health potion" chance="586" />
		<item id="2174" name="strange symbol" chance="503" />
		<item id="3967" name="tribal mask" chance="486" />
		<item id="3955" name="voodoo doll" chance="120" />
	</loot>
</monster>
