<?xml version="1.0" encoding="UTF-8"?>
<monster name="Earl Osam" nameDescription="Earl Osam" race="venom" experience="55000" speed="250">
	<health now="50000" max="50000" />
	<look type="1223" head="95" body="38" legs="60" feet="76" corpse="34255" />
	<targetchange interval="2000" chance="5" />
	<flags>
		<flag attackable="1" />
		<flag hostile="1" />
		<flag summonable="0" />
		<flag convinceable="0" />
		<flag illusionable="0" />
		<flag isboss="1" />
		<flag ignorespawnblock="0" />
		<flag pushable="0" />
		<flag canpushitems="1" />
		<flag canpushcreatures="1" />
		<flag staticattack="90" />
		<flag targetdistance="1" />
		<flag canwalkonenergy="1" />
		<flag canwalkonfire="1" />
		<flag canwalkonpoison="1" />
	</flags>
	<attacks>
		<attack name="melee" interval="2000" min="0" max="-1000" />
		<attack name="ice" interval="2000" chance="15" length="7" spread="0" min="-400" max="-1000">
			<attribute key="areaEffect" value="iceattack" />
		</attack>
		<attack name="poison" interval="1800" chance="25" length="7" spread="2" min="-400" max="-1000">
			<attribute key="areaEffect" value="poison" />
		</attack>
		<attack name="energy" interval="2000" chance="30" range="3" target="1" min="-260" max="-420">
			<attribute key="areaEffect" value="bluechain" />
		</attack>
	</attacks>
	<defenses armor="78" defense="25">
		<defense name="healing" interval="2000" chance="35" min="350" max="550">
			<attribute key="areaEffect" value="blueshimmer" />
		</defense>
	</defenses>
	<elements>
		<element firePercent="20" />
	</elements>
	<immunities>
		<immunity paralyze="1" />
		<immunity invisible="1" />
		<immunity drunk="1" />
	</immunities>
	<summons maxSummons="5">
		<summon name="Frozen Soul" interval="2000" chance="20" />
	</summons>
	<loot>
		<item id="25172" name="silver token" chance="100000" countmax="2" />
		<item id="2152" name="platinum coin" chance="99468" countmax="5" />
		<item id="26030" name="ultimate spirit potion" chance="59574" countmax="20" />
		<item id="26029" name="ultimate mana potion" chance="56915" countmax="20" />
		<item id="26031" name="supreme health potion" chance="51064" countmax="20" />
		<item id="2156" name="red gem" chance="39362" countmax="2" />
		<item id="2154" name="yellow gem" chance="37234" countmax="2" />
		<item id="2158" name="blue gem" chance="23404" countmax="2" />
		<item id="5889" name="piece of draconian steel" chance="22872" countmax="3" />
		<item id="7439" name="berserk potion" chance="22340" countmax="10" />
		<item id="2160" name="crystal coin" chance="20745" countmax="3" />
		<item id="15454" name="guardian axe" chance="20213" />
		<item id="2155" name="green gem" chance="18617" countmax="2" />
		<item id="5888" name="piece of hell steel" chance="18617" countmax="4" />
		<item id="7443" name="bullseye potion" chance="18085" countmax="10" />
		<item id="7440" name="mastermind potion" chance="18085" countmax="10" />
		<item id="2475" name="warrior helmet" chance="16489" />
		<item id="26199" name="collar of green plasma" chance="14894" />
		<item id="7902" name="glacier mask" chance="14362" />
		<item id="34246" name="young lich worm" chance="10106" />
		<item id="2153" name="violet gem" chance="8511" />
		<item id="26185" name="ring of blue plasma" chance="7979" />
		<item id="26189" name="ring of red plasma" chance="7979" />
		<item id="26198" name="collar of blue plasma" chance="7447" />
		<item id="9971" name="gold ingot" chance="7447" />
		<item id="26200" name="collar of red plasma" chance="6915" />
		<item id="26187" name="ring of green plasma" chance="6383" />
		<item id="34245" name="rotten heart" chance="5319" />
		<item id="34244" name="ancient liche bone" chance="4255" />
		<item id="32716" name="giant emerald" chance="3191" />
		<item id="32717" name="giant sapphire" chance="2128" />
		<item id="34235" name="embrace of nature" chance="1596" />
		<item id="34234" name="bear skin" chance="1064" />
		<item id="34250" name="token of love" chance="1064" />
	</loot>
</monster>
