<?xml version="1.0" encoding="UTF-8"?>
<monster name="Earth Overlord" nameDescription="an Earth Overlord" race="undead" experience="2800" speed="330">
	<health now="4000" max="4000" />
	<look type="285" corpse="8933" />
	<targetchange interval="20000" chance="30" />
	<flags>
		<flag summonable="0" />
		<flag attackable="1" />
		<flag hostile="1" />
		<flag illusionable="0" />
		<flag convinceable="0" />
		<flag pushable="0" />
		<flag canpushitems="1" />
		<flag staticattack="80" />
		<flag targetdistance="1" />
		<flag runonhealth="0" />
	</flags>
	<attacks>
		<attack name="melee" interval="2000" min="0" max="-400" />
		<attack name="earth" interval="1000" chance="10" length="7" spread="0" min="0" max="-800">
			<attribute key="areaEffect" value="stones" />
		</attack>
		<attack name="earth" interval="1000" chance="9" radius="6" min="0" max="-490">
			<attribute key="areaEffect" value="bigplants" />
		</attack>
		<attack name="speed" interval="2000" chance="20" range="7" speedchange="-750" duration="4000">
			<attribute key="areaEffect" value="redshimmer" />
		</attack>
	</attacks>
	<defenses armor="30" defense="30" />
	<elements>
		<element deathPercent="20" />
		<element icePercent="20" />
		<element firePercent="-25" />
	</elements>
	<immunities>
		<immunity earth="1" />
	</immunities>
	<loot>
		<item name="gold coin" countmax="100" chance="100000" />
		<item name="gold coin" countmax="68" chance="100000" />
		<item name="platinum coin" countmax="3" chance="33333" />
		<item name="terra mantle" chance="1923" />
		<item name="mother soil" chance="100000" />
		<item name="lump of earth" chance="33333" />
		<item name="shiny stone" chance="8333" />
		<item id="13757" chance="552" /><!-- coal -->
	</loot>
</monster>
