<?xml version="1.0" encoding="UTF-8"?>
<monster name="Elder Bonelord" nameDescription="an elder bonelord" race="blood" experience="280" speed="170" raceId="108">
	<health now="500" max="500" />
	<look type="108" corpse="6037" />
	<targetchange interval="4000" chance="10" />
	<flags>
		<flag summonable="0" />
		<flag attackable="1" />
		<flag hostile="1" />
		<flag illusionable="1" />
		<flag convinceable="0" />
		<flag pushable="0" />
		<flag canpushitems="1" />
		<flag canpushcreatures="0" />
		<flag targetdistance="4" />
		<flag staticattack="90" />
		<flag runonhealth="0" />
		<flag canwalkonenergy="0" />
		<flag canwalkonfire="0" />
	</flags>
	<bestiary class="Magical" prowess="50" expertise="500" mastery="1000" charmPoints="50" difficulty="medium" occurrence="common" locations="Elder Bonelord Locations..." />
	<attacks>
		<attack name="melee" interval="2000" min="0" max="-55" />
		<attack name="energy" interval="2000" chance="5" range="7" min="-45" max="-60">
			<attribute key="shootEffect" value="energy" />
		</attack>
		<attack name="fire" interval="2000" chance="5" range="7" min="-40" max="-80">
			<attribute key="shootEffect" value="fire" />
		</attack>
		<attack name="death" interval="2000" chance="10" range="7" min="-45" max="-90">
			<attribute key="shootEffect" value="suddendeath" />
			<attribute key="areaEffect" value="mortarea" />
			<attribute key="areaEffect" value="smallclouds" />
		</attack>
		<attack name="earth" interval="2000" chance="10" range="7" min="-20" max="-40">
			<attribute key="shootEffect" value="poison" />
		</attack>
		<attack name="lifedrain" interval="2000" chance="5" range="7" min="-45" max="-85">
			<attribute key="areaEffect" value="redshimmer" />
		</attack>
		<attack name="manadrain" interval="2000" chance="5" range="7" min="0" max="-40" />
		<attack name="speed" interval="2000" chance="10" range="7" speedchange="-600" duration="20000">
			<attribute key="areaEffect" value="redshimmer" />
		</attack>
	</attacks>
	<defenses armor="13" defense="13" />
	<elements>
		<element energyPercent="20" />
		<element icePercent="30" />
		<element deathPercent="30" />
		<element firePercent="-10" />
	</elements>
	<immunities>
		<immunity earth="1" />
		<immunity lifedrain="1" />
		<immunity invisible="1" />
	</immunities>
	<summons maxSummons="6">
		<summon name="Gazer" interval="2000" chance="10" />
		<summon name="Crypt Shambler" interval="2000" chance="15" />
	</summons>
	<voices interval="5000" chance="10">
		<voice sentence="Let me take a look at you!" />
		<voice sentence="Inferior creatures, bow before my power!" />
		<voice sentence="659978 54764!" />
		<voice sentence="653768764!" />
	</voices>
	<loot>
		<item id="2148" name="gold coin" chance="99298" countmax="90" />
		<item id="11193" name="elder bonelord tentacle" chance="20030" />
		<item id="12468" name="small flask of eyedrops" chance="9698" />
		<item id="7364" name="sniper arrow" chance="8785" countmax="4" />
		<item id="2377" name="two handed sword" chance="2968" />
		<item id="2509" name="steel shield" chance="2033" />
		<item id="5898" name="bonelord eye" chance="1927" />
		<item id="2175" name="spellbook" chance="1016" />
		<item id="7589" name="strong mana potion" chance="836" />
		<item id="11197" name="giant eye" chance="458" />
		<item id="2518" name="bonelord shield" chance="86" />
		<item id="3972" name="bonelord helmet" chance="84" />
	</loot>
</monster>
