<?xml version="1.0" encoding="UTF-8"?>
<monster name="Elf Arcanist" nameDescription="an elf arcanist" race="blood" experience="175" speed="220" raceId="63">
	<health now="220" max="220" />
	<look type="63" corpse="6011" />
	<targetchange interval="4000" chance="10" />
	<flags>
		<flag summonable="0" />
		<flag attackable="1" />
		<flag hostile="1" />
		<flag illusionable="0" />
		<flag convinceable="0" />
		<flag pushable="0" />
		<flag canpushitems="1" />
		<flag canpushcreatures="0" />
		<flag targetdistance="4" />
		<flag staticattack="90" />
		<flag runonhealth="0" />
		<flag canwalkonenergy="0" />
		<flag canwalkonfire="0" />
		<flag canwalkonpoison="0" />
	</flags>
	<bestiary class="Humanoid" prowess="25" expertise="250" mastery="500" charmPoints="30" difficulty="easy" occurrence="common" locations="Elf Arcanist Locations..." />
	<attacks>
		<attack name="melee" interval="2000" min="0" max="-35" />
		<attack name="physical" interval="2000" chance="10" range="7" min="0" max="-70">
			<attribute key="shootEffect" value="arrow" />
		</attack>
		<attack name="energy" interval="2000" chance="10" range="7" min="-30" max="-50">
			<attribute key="shootEffect" value="energy" />
			<attribute key="areaEffect" value="energy" />
		</attack>
		<attack name="death" interval="2000" chance="10" range="7" min="-70" max="-85">
			<attribute key="shootEffect" value="suddendeath" />
			<attribute key="areaEffect" value="mortarea" />
		</attack>
	</attacks>
	<defenses armor="15" defense="15">
		<defense name="healing" interval="2000" chance="15" min="40" max="60">
			<attribute key="areaEffect" value="blueshimmer" />
		</defense>
	</defenses>
	<elements>
		<element firePercent="50" />
		<element energyPercent="20" />
		<element deathPercent="20" />
		<element holyPercent="-10" />
	</elements>
	<immunities>
		<immunity invisible="1" />
	</immunities>
	<voices interval="5000" chance="10">
		<voice sentence="Feel my wrath!" />
		<voice sentence="For the Daughter of the Stars!" />
		<voice sentence="I'll bring balance upon you!" />
		<voice sentence="Tha'shi Cenath!" />
		<voice sentence="Vihil Ealuel!" />
	</voices>
	<loot>
		<item id="2148" name="gold coin" chance="37127" countmax="49" />
		<item id="1949" name="scroll" chance="30500" />
		<item id="2682" name="melon" chance="21814" />
		<item id="2260" name="blank rune" chance="17953" />
		<item id="2689" name="bread" chance="13899" />
		<item id="10552" name="elvish talisman" chance="10070" />
		<item id="12421" name="elven astral observer" chance="7786" />
		<item id="2652" name="green tunic" chance="7294" />
		<item id="2544" name="arrow" chance="6127" countmax="3" />
		<item id="2802" name="sling herb" chance="4846" />
		<item id="7618" name="health potion" chance="4050" />
		<item id="7589" name="strong mana potion" chance="2991" />
		<item id="2047" name="candlestick" chance="2192" />
		<item id="2198" name="elven amulet" chance="2047" />
		<item id="5922" name="holy orchid" chance="2047" />
		<item id="2189" name="wand of cosmic energy" chance="1126" />
		<item id="2177" name="life crystal" chance="1059" />
		<item id="2642" name="sandals" chance="974" />
		<item id="2600" name="inkwell" chance="951" />
		<item id="2747" name="grave flower" chance="803" />
		<item id="2154" name="yellow gem" chance="48" />
	</loot>
</monster>
