<?xml version="1.0" encoding="UTF-8"?>
<monster name="Enraged Sand Brood" nameDescription="an enraged sand brood" race="venom" experience="0" speed="175">
	<health now="2000" max="2000" />
	<look type="82" corpse="0" />
	<targetchange interval="2000" chance="5" />
	<flags>
		<flag illusionable="1" />
		<flag pushable="0" />
		<flag canpushitems="0" />
		<flag canpushcreatures="0" />
		<flag staticattack="90" />
		<flag targetdistance="1" />
		<flag canwalkonenergy="0" />
		<flag canwalkonfire="0" />
		<flag canwalkonpoison="0" />
	</flags>
	<attacks>
		<attack name="melee" interval="2000" min="0" max="-200" poison="15" />
	</attacks>
	<defenses armor="30" defense="30" />
	<immunities>
		<immunity paralyze="1" />
		<immunity invisible="1" />
		<immunity drunk="1" />
	</immunities>
</monster>
