<?xml version="1.0" encoding="UTF-8"?>
<monster name="Eternal Guardian" nameDescription="an eternal guardian" race="undead" experience="1800" speed="204" raceId="615">
	<health now="2500" max="2500" />
	<look type="345" corpse="11300" />
	<targetchange interval="4000" chance="10" />
	<flags>
		<flag summonable="0" />
		<flag attackable="1" />
		<flag hostile="1" />
		<flag illusionable="0" />
		<flag convinceable="0" />
		<flag pushable="0" />
		<flag canpushitems="1" />
		<flag canpushcreatures="1" />
		<flag targetdistance="1" />
		<flag staticattack="90" />
		<flag runonhealth="0" />
		<flag canwalkonenergy="0" />
	</flags>
	<bestiary class="Construct" prowess="50" expertise="500" mastery="1000" charmPoints="50" difficulty="medium" occurrence="common" locations="Eternal Guardian Locations..." />
	<attacks>
		<attack name="melee" interval="2000" min="0" max="-300" />
	</attacks>
	<defenses armor="62" defense="62" />
	<elements>
		<element physicalPercent="20" />
		<element energyPercent="10" />
		<element firePercent="70" />
		<element icePercent="10" />
		<element holyPercent="20" />
		<element deathPercent="20" />
	</elements>
	<immunities>
		<immunity earth="1" />
		<immunity drown="1" />
		<immunity paralyze="1" />
		<immunity invisible="1" />
	</immunities>
	<voices interval="5000" chance="10">
		<voice sentence="Zzrkrrch!" />
		<voice sentence="&lt;crackle&gt;" />
	</voices>
	<loot>
		<item id="2148" name="gold coin" chance="99955" countmax="100" />
		<item id="2152" name="platinum coin" chance="99708" countmax="4" />
		<item id="1294" name="small stone" chance="30268" countmax="10" />
		<item id="10549" name="ancient stone" chance="20024" />
		<item id="11325" name="spiked iron ball" chance="10020" />
		<item id="11323" name="zaoan halberd" chance="1991" />
		<item id="5880" name="iron ore" chance="1682" />
		<item id="11227" name="shiny stone" chance="819" />
		<item id="2528" name="tower shield" chance="807" />
		<item id="11339" name="clay lump" chance="729" />
		<item id="2427" name="guardian halberd" chance="566" />
		<item id="11343" name="piece of marble rock" chance="499" />
		<item id="13757" name="coal" chance="443" />
		<item id="11307" name="zaoan sword" chance="107" />
	</loot>
</monster>
