<?xml version="1.0" encoding="UTF-8"?>
<monster name="Evil Mastermind" nameDescription="Evil Mastermind" race="undead" experience="675" speed="350">
	<health now="1295" max="1295" />
	<look type="256" corpse="10321" />
	<targetchange interval="5000" chance="8" />
	<flags>
		<flag summonable="0" />
		<flag attackable="1" />
		<flag hostile="1" />
		<flag illusionable="0" />
		<flag convinceable="0" />
		<flag pushable="0" />
		<flag canpushitems="1" />
		<flag canpushcreatures="1" />
		<flag targetdistance="3" />
		<flag staticattack="90" />
		<flag runonhealth="0" />
		<flag canwalkonenergy="0" />
		<flag canwalkonfire="0" />
		<flag isboss="1" />
	</flags>
	<attacks>
		<attack name="melee" interval="1200" min="0" max="-77" />
		<attack name="physical" interval="2000" chance="30" range="7" min="-50" max="-78">
			<attribute key="shootEffect" value="suddendeath" />
			<attribute key="areaEffect" value="mortarea" />
		</attack>
		<attack name="fire" interval="2000" chance="30" range="7" radius="4" target="1" min="-66" max="-72">
			<attribute key="shootEffect" value="fire" />
			<attribute key="areaEffect" value="firearea" />
		</attack>
		<attack name="energy" interval="2000" chance="30" range="7" min="-36" max="-57">
			<attribute key="shootEffect" value="energy" />
			<attribute key="areaEffect" value="energyarea" />
		</attack>
		<attack name="lifedrain" interval="2000" chance="30" range="7" min="-70" max="-73">
			<attribute key="areaEffect" value="redshimmer" />
		</attack>
		<attack name="manadrain" interval="2000" chance="30" range="7" min="-59" max="-75">
			<attribute key="areaEffect" value="redshimmer" />
		</attack>
		<attack name="speed" interval="2000" chance="15" range="7" speedchange="-600" duration="20000">
			<attribute key="areaEffect" value="redshimmer" />
		</attack>
	</attacks>
	<defenses armor="30" defense="30">
		<defense name="healing" interval="2000" chance="30" min="50" max="110">
			<attribute key="areaEffect" value="energy" />
		</defense>
	</defenses>
	<elements>
		<element icePercent="20" />
		<element physicalPercent="5" />
		<element energyPercent="90" />
		<element holyPercent="-5" />
	</elements>
	<immunities>
		<immunity earth="1" />
		<immunity death="1" />
		<immunity invisible="1" />
	</immunities>
	<summons maxSummons="1">
		<summon name="vampire" interval="2000" chance="40" max="1" />
	</summons>
	<voices interval="5000" chance="10">
		<voice sentence="You won't stop my masterplan to flood the world market with fake Bonelord language dictionaries!" />
		<voice sentence="My calculations tell me you'll die!" />
		<voice sentence="You can't stop me!" />
		<voice sentence="Beware! My evil monolog is coming!" />
	</voices>
</monster>
