<?xml version="1.0" encoding="UTF-8"?>
<monster name="Execowtioner" nameDescription="an execowtioner" race="blood" experience="2400" speed="270" raceId="1046">
	<health now="3500" max="3500" />
	<look type="609" corpse="23375" />
	<targetchange interval="2000" chance="4" />
	<flags>
		<flag summonable="0" />
		<flag attackable="1" />
		<flag hostile="1" />
		<flag illusionable="0" />
		<flag convinceable="0" />
		<flag pushable="0" />
		<flag canpushitems="1" />
		<flag canpushcreatures="1" />
		<flag targetdistance="1" />
		<flag staticattack="90" />
		<flag runonhealth="0" />
	</flags>
	<bestiary class="Humanoid" prowess="50" expertise="500" mastery="1000" charmPoints="50" difficulty="medium" occurrence="common" locations="Execowtioner Locations..." />
	<attacks>
		<attack name="melee" interval="2000" skill="90" attack="80" />
		<attack name="lifedrain" interval="2000" chance="8" range="7" radius="5" target="1" min="-135" max="-280">
			<attribute key="shootEffect" value="whirlwindaxe" />
			<attribute key="areaEffect" value="redspark" />
		</attack>
		<attack name="physical" interval="2000" chance="8" range="7" target="1" min="-90" max="-200">
			<attribute key="shootEffect" value="whirlwindaxe" />
			<attribute key="areaEffect" value="explosionarea" />
		</attack>
	</attacks>
	<defenses armor="40" defense="40" />
	<elements>
		<element physicalPercent="1" />
		<element deathPercent="15" />
		<element energyPercent="10" />
		<element icePercent="10" />
		<element earthPercent="20" />
	</elements>
	<immunities>
		<immunity paralyze="1" />
		<immunity invisible="1" />
	</immunities>
	<voices interval="2000" chance="5">
		<voice sentence="I'm the one who puts the cute into execute!" />
		<voice sentence="I'm here to punish!" />
		<voice sentence="Justice is swift and unavoidable!" />
		<voice sentence="I'll bring justice!" />
		<voice sentence="There is excellence in execution!" />
		<voice sentence="Your sentence is death!" />
	</voices>
	<loot>
		<item id="2148" countmax="100" chance="100000" /><!-- gold coin -->
		<item id="2148" countmax="98" chance="100000" /><!-- gold coin -->
		<item id="2152" countmax="3" chance="67610" /><!-- platinum coin -->
		<item id="9971" chance="390" />	<!-- gold ingot -->
		<item id="5911" chance="3230" /><!-- red piece of cloth -->
		<item id="5878" chance="14710" /><!-- minotaur leather -->
		<item id="12428" countmax="2" chance="6580" /><!-- minotaur horn -->
		<item id="23572" chance="13160" /><!-- execowtioner mask -->
		<item id="7591" chance="11480" /><!-- great health potion -->
		<item id="7590" chance="10060" /><!-- great mana potion -->
		<item id="2666" chance="7230" /><!-- meat -->
		<item id="9970" countmax="2" chance="5810" /><!-- small topaz -->
		<item id="2147" countmax="2" chance="4520" /><!-- small ruby -->
		<item id="7412" chance="900" /><!-- butcher's axe -->
		<item id="2487" chance="770" /><!-- crown armor -->
		<item id="23547" chance="1420" /><!-- execowtioner axe -->
		<item id="2430" chance="770" /><!-- knight axe -->
		<item id="7413" chance="390" /><!-- titan axe -->
		<item id="7401" chance="520" /><!-- minotaur trophy -->
	</loot>
</monster>
