{
  "version": 3,
  "configurePresets": [
    {
      "name": "default",
      "description": "Generate Ninja project files",
      "generator": "Ninja Multi-Config",
      "binaryDir": "${sourceDir}/build"
    },
    {
      "name": "vcpkg",
      "inherits": [
        "default"
      ],
      "description": "Configure with vcpkg toolchain and generate Ninja project files",
      "toolchainFile": "$env{VCPKG_ROOT}/scripts/buildsystems/vcpkg.cmake"
    }
  ],
  "buildPresets": [
    {
      "name": "default",
      "configurePreset": "default"
    },
    {
      "name": "vcpkg",
      "configurePreset": "vcpkg"
    }
  ],
  "testPresets": [
    {
      "name": "default",
      "configurePreset": "default"
    },
    {
      "name": "vcpkg",
      "configurePreset": "vcpkg"
    }
  ]
}
